화재발생일시,화재발생_연,화재발생_월,화재발생_일,주말여부,화재발생시간대,시군구명,읍면동명,발화지점,날씨,온도,습도,특보내용,발화원인종합,소방서명,서센터명,소방지역대명,출동소요시간,현장소방서거리,현장안전센터거리,현장소방지역대거리,전체인력수합계,화재진압시간,동원장비수,인명피해수,재산피해금액,피해면적
2011-01-22 23:35:00,2011,1,22,1,21~24,강릉시,죽헌동,산정상,맑음,-1,30,,방화 및 방화의심,강릉소방서,경포119안전센터,,1700,9,9,0.0,37,1800,8,0,0,0.3
2011-01-31 18:13:00,2011,1,31,0,18~21,양양군,현남면,산아래,맑음,1,10,건조경보,인간의 부주의,양양소방서,하조대119안전센터,,1615,43,13,0.0,1872,155952,71,0,184330,30.0
2011-02-11 17:50:00,2011,2,11,0,15~18,홍천군,내촌면,산중턱,구름많음,-2,29,,인간의 부주의,홍천소방서,서석119안전센터,내촌119지역대,2240,37,37,7.0,171,20500,9,0,4864,0.3
2011-02-12 06:18:00,2011,2,12,1,3~6,원주시,귀래면,산중턱,구름많음,-6,44,,인간의 부주의,원주소방서,흥업119안전센터,귀래119지역대,2019,20,20,8.0,94,35009,9,0,50,0.3
2011-02-26 16:42:00,2011,2,26,1,15~18,원주시,태장동,산정상,맑음,14,23,,인간의 부주의,원주소방서,태장119안전센터,,508,8,2,0.0,46,3825,8,0,440,0.03
2011-03-09 13:18:00,2011,3,9,0,12~15,영월군,영월읍,산아래,맑음,1,19,,인간의 부주의,영월소방서,영월119안전센터,,1000,9,9,8.0,204,63100,26,0,600,2.0
2011-03-11 13:42:00,2011,3,11,0,12~15,횡성군,우천면,산정상,맑음,5,43,,인간의 부주의,횡성소방서,우천119안전센터,,2035,17,10,0.0,214,11328,10,0,0,0.1
2011-03-14 19:35:00,2011,3,14,0,18~21,영월군,영월읍,산아래,맑음,4,67,,미상,영월소방서,영월119안전센터,,1642,9,9,7.0,116,31400,5,0,64,0.1
2011-03-18 11:58:00,2011,3,18,0,9~12,홍천군,홍천읍,산정상,맑음,9,21,,인간의 부주의,홍천소방서,홍천119안전센터,,427,6,6,0.0,88,4433,15,0,3264,0.2
2011-03-24 12:56:00,2011,3,24,0,9~12,화천군,화천읍,산아래,맑음,4,47,,인간의 부주의,춘천소방서,화천119안전센터,,600,46,6,0.0,102,4700,8,0,0,0.7
2011-04-01 10:52:00,2011,4,1,0,9~12,정선군,정선읍,산아래,맑음,14,24,,인간의 부주의,정선소방서,조양119안전센터,,1000,8,8,12.0,160,22700,19,0,0,0.3
2011-04-05 11:04:00,2011,4,5,0,9~12,춘천시,남면,산중턱,맑음,16,47,,미상,춘천소방서,강촌119안전센터,,2200,40,25,0.0,67,3300,3,0,1485,0.1
2011-04-06 14:41:00,2011,4,6,0,12~15,철원군,철원읍,산아래,맑음,13,41,,인간의 부주의,철원소방서,동송119안전센터,,300,13,2,0.0,294,10500,11,0,0,0.2
2011-04-06 16:23:00,2011,4,6,0,15~18,강릉시,왕산면,산정상,맑음,17,13,건조주의보,인간의 부주의,강릉소방서,내곡119안전센터,,2000,18,17,0.0,160,1600,20,0,0,0.1
2011-04-09 12:30:00,2011,4,9,1,9~12,양구군,동면,산아래,맑음,19,14,,미상,춘천소방서,양구119안전센터,,1300,50,15,0.0,68,1923,5,0,0,0.04
2011-04-09 12:52:00,2011,4,9,1,9~12,양구군,남면,산아래,맑음,18,16,,인간의 부주의,춘천소방서,양구119안전센터,,619,48,17,7.0,94,5953,3,0,0,0.03
2011-04-10 12:13:00,2011,4,10,1,9~12,화천군,하남면,산아래,구름많음,18,28,,인간의 부주의,춘천소방서,화천119안전센터,,1000,45,10,0.0,63,3331,7,0,0,0.1
2011-04-13 15:32:00,2011,4,13,0,15~18,양양군,손양면,산아래,맑음,23,11,건조주의보,미상,양양소방서,양양119안전센터,,5301,24,7,0.0,936,11931,17,0,6982,4.0
2011-04-13 15:55:00,2011,4,13,0,15~18,삼척시,도계읍,산중턱,맑음,21,15,,인간의 부주의,삼척소방서,도계119안전센터,,1000,27,9,0.0,209,10400,18,0,0,0.2
2011-04-13 16:47:00,2011,4,13,0,15~18,영월군,수주면,산중턱,맑음,13,36,,인간의 부주의,영월소방서,주천119안전센터,,3505,44,18,0.0,174,2800,18,0,0,0.15
2011-04-13 23:40:00,2011,4,13,0,21~24,춘천시,신동면,산중턱,맑음,5,59,,미상,춘천소방서,석사119안전센터,,1400,10,8,0.0,111,4500,3,0,99,0.5
2011-04-17 12:35:00,2011,4,17,1,9~12,인제군,남면,산중턱,맑음,11,58,,인간의 부주의,인제소방서,인제119안전센터,남면119지역대,340,47,27,12.0,198,13450,7,0,115,0.3
2011-04-17 14:22:00,2011,4,17,1,12~15,횡성군,청일면,산아래,맑음,18,22,,인간의 부주의,횡성소방서,둔내119안전센터,,957,24,24,6.0,154,3552,10,1,0,0.2
2011-04-20 14:12:00,2011,4,20,0,12~15,횡성군,청일면,산아래,맑음,17,30,,인간의 부주의,횡성소방서,둔내119안전센터,청일지역대,1317,30,21,11.0,173,12541,14,0,0,0.6
2011-06-15 12:21:00,2011,6,15,0,9~12,춘천시,동산면,산정상,맑음,31,29,,미상,춘천소방서,석사119안전센터,동산119지역대,400,25,20,5.0,68,3200,7,0,0,0.1
2011-10-06 18:13:00,2011,10,6,0,18~21,화천군,화천읍,산정상,맑음,18,34,,인간의 부주의,춘천소방서,화천119안전센터,,2100,57,21,41.0,70,4400,3,0,79,0.3
2011-10-07 14:36:00,2011,10,7,0,12~15,홍천군,남면,산정상,맑음,21,31,,인간의 부주의,홍천소방서,양덕원119안전센터,,1227,18,18,0.0,58,13802,6,0,1373,0.01
2011-10-17 14:41:00,2011,10,17,0,12~15,인제군,인제읍,산정상,맑음,14,19,,미상,인제소방서,인제119안전센터,,1800,73,17,0.0,44,12700,6,0,0,0.01
2011-11-01 15:19:00,2011,11,1,0,15~18,화천군,화천읍,산중턱,구름조금,14,63,,인간의 부주의,춘천소방서,화천119안전센터,,2937,57,22,0.0,299,10300,12,0,0,3.0
2011-11-20 21:30:00,2011,11,20,1,21~24,인제군,인제읍,산아래,맑음,-1,29,,인간의 부주의,인제소방서,인제119안전센터,,801,72,12,0.0,85,41047,5,0,0,0.3
2011-12-28 02:02:00,2011,12,28,0,0~3,홍천군,홍천읍,산정상,맑음,-10,73,,인간의 부주의,홍천소방서,홍천119안전센터,,702,8,8,0.0,111,81725,13,0,4209,0.1
2012-01-11 15:06:00,2012,1,11,0,15~18,홍천군,홍천읍,산정상,맑음,-1,22,,인간의 부주의,홍천소방서,홍천119안전센터,,508,6,6,0.0,72,13800,14,0,2176,0.03
2012-02-05 16:05:00,2012,2,5,1,15~18,고성군,거진읍,산정상,맑음,6,29,건조주의보,인간의 부주의,고성소방서,거진119안전센터,,412,40,4,0.0,68,4142,12,0,2900,0.2
2012-02-28 14:37:00,2012,2,28,0,12~15,양구군,동면,산아래,맑음,6,48,,인간의 부주의,춘천소방서,양구119안전센터,동면119지역대,712,63,18,5.0,113,3231,28,0,0,0.06
2012-04-15 20:17:00,2012,4,15,1,18~21,삼척시,도계읍,산중턱,맑음,18,30,,기계/전기/화학 요인,삼척소방서,도계119안전센터,,1300,40,10,0.0,85,5800,14,0,0,0.03
2012-04-18 16:02:00,2012,4,18,0,15~18,철원군,갈말읍,산아래,맑음,13,71,,인간의 부주의,철원소방서,태봉119안전센터,,500,4,4,3.0,76,3500,8,0,0,0.15
2012-04-19 14:12:00,2012,4,19,0,12~15,홍천군,화촌면,산중턱,맑음,14,56,,인간의 부주의,홍천소방서,홍천119안전센터,화촌119지역대,2357,15,15,10.0,1264,43507,72,0,7169,6.0
2012-04-19 14:58:00,2012,4,19,0,12~15,횡성군,청일면,산정상,구름많음,17,57,,미상,횡성소방서,둔내119안전센터,,1214,30,30,7.0,289,41427,20,0,0,1.5
2012-04-20 17:50:00,2012,4,20,0,15~18,영월군,주천면,산아래,구름많음,19,40,,인간의 부주의,영월소방서,주천119안전센터,,926,31,5,0.0,106,3942,7,0,9,0.05
2012-04-24 14:27:00,2012,4,24,0,12~15,동해시,쇄운동,산중턱,맑음,23,37,,인간의 부주의,동해소방서,북평119안전센터,,620,15,7,0.0,92,4100,18,0,0,0.01
2012-04-30 10:12:00,2012,4,30,0,9~12,춘천시,동산면,산정상,맑음,19,56,,인간의 부주의,춘천소방서,석사119안전센터,동산119지역대,2221,24,19,0.0,155,5634,12,0,0,0.01
2012-05-01 13:51:00,2012,5,1,0,12~15,삼척시,가곡면,산정상,맑음,16,68,,인간의 부주의,삼척소방서,원덕119안전센터,가곡119지역대,1700,57,20,10.0,146,14000,15,0,0,0.12
2012-05-06 12:35:00,2012,5,6,1,9~12,화천군,화천읍,산아래,맑음,19,15,,인간의 부주의,춘천소방서,화천119안전센터,,3610,45,15,32.0,125,15250,11,0,0,0.1
2012-05-06 13:52:00,2012,5,6,1,12~15,원주시,호저면,산중턱,맑음,19,15,,미상,원주소방서,태장119안전센터,,2357,19,12,0.0,67,3219,7,0,0,0.05
2012-05-06 14:48:00,2012,5,6,1,12~15,홍천군,화촌면,산아래,맑음,24,12,,인간의 부주의,홍천소방서,홍천119안전센터,화촌119지역대,2559,23,23,18.0,28,1906,10,0,0,0.01
2012-05-07 14:45:00,2012,5,7,0,12~15,철원군,갈말읍,산중턱,맑음,24,20,,미상,철원소방서,태봉119안전센터,,2600,8,8,0.0,50,2400,6,0,0,0.05
2012-05-07 15:32:00,2012,5,7,0,15~18,평창군,봉평면,산중턱,맑음,22,10,,미상,평창소방서,봉평119안전센터,,2646,45,12,0.0,140,25123,14,0,0,0.1
2012-05-23 05:34:00,2012,5,23,0,3~6,화천군,상서면,산정상,맑음,15,79,,인간의 부주의,춘천소방서,화천119안전센터,,1316,45,15,15.0,36,20248,7,0,0,0.04
2012-05-26 15:17:00,2012,5,26,1,15~18,평창군,미탄면,산중턱,맑음,23,15,,인간의 부주의,평창소방서,평창119안전센터,,4645,16,16,1.0,84,13237,20,0,0,0.2
2012-05-27 14:10:00,2012,5,27,1,12~15,영월군,남면,산정상,비,18,62,,자연적 요인,영월소방서,영월119안전센터,남면119지역대,1215,11,11,4.0,19,11158,6,0,0,0.1
2012-05-27 16:11:00,2012,5,27,1,15~18,홍천군,화촌면,산중턱,흐림,21,68,,자연적 요인,홍천소방서,홍천119안전센터,화촌119지역대,2503,35,35,25.0,32,11524,4,0,0,0.01
2012-05-27 17:31:00,2012,5,27,1,15~18,삼척시,미로면,산정상,소나기,22,25,,미상,삼척소방서,봉황119안전센터,미로119지역대,800,16,16,8.0,72,24000,7,0,0,0.01
2012-05-28 10:20:00,2012,5,28,0,9~12,홍천군,동면,산정상,맑음,22,55,,자연적 요인,홍천소방서,홍천119안전센터,동면119지역대,2355,7,7,9.0,65,13341,6,0,90,0.07
2012-05-28 12:09:00,2012,5,28,0,9~12,정선군,여량면,산정상,맑음,15,82,,미상,정선소방서,임계119안전센터,여량면119지역대,1000,23,13,10.0,58,20900,7,0,0,0.01
2012-05-30 09:10:00,2012,5,30,0,6~9,양구군,양구읍,산중턱,비,17,78,,자연적 요인,춘천소방서,양구119안전센터,,1350,60,10,25.0,27,1852,2,0,0,0.01
2012-06-14 21:31:00,2012,6,14,0,21~24,춘천시,동면,산정상,구름많음,19,68,,인간의 부주의,춘천소방서,후평119안전센터,,700,5,5,0.0,196,12900,11,0,82,0.05
2012-06-19 11:17:00,2012,6,19,0,9~12,춘천시,남면,산중턱,맑음,29,37,,인간의 부주의,춘천소방서,강촌119안전센터,,3400,30,30,0.0,181,2700,13,0,1445,0.1
2012-06-21 13:52:00,2012,6,21,0,12~15,홍천군,북방면,산정상,맑음,20,82,,인간의 부주의,홍천소방서,홍천119안전센터,북방119지역대,1028,17,17,4.0,55,51640,10,0,710,0.08
2012-06-22 12:24:00,2012,6,22,0,9~12,횡성군,서원면,산정상,구름많음,27,57,,인간의 부주의,횡성소방서,횡성119안전센터,,1158,15,15,9.0,95,21533,16,0,0,0.7
2012-06-29 05:41:00,2012,6,29,0,3~6,원주시,부론면,산정상,맑음,23,50,,인간의 부주의,원주소방서,문막119안전센터,부론119지역대,5426,30,12,7.0,98,20849,8,0,0,0.2
2012-10-14 14:28:00,2012,10,14,1,12~15,속초시,설악동,산중턱,맑음,20,51,,인간의 부주의,속초소방서,설악119안전센터,,1339,9,3,0.0,50,4738,8,0,0,0.01
2012-10-21 13:00:00,2012,10,21,1,12~15,원주시,문막읍,산정상,맑음,21,52,,미상,원주소방서,문막119안전센터,,4025,17,8,0.0,28,13105,10,0,0,0.03
2012-11-27 12:16:00,2012,11,27,0,9~12,춘천시,신동,산정상,맑음,5,19,,인간의 부주의,춘천소방서,후평119안전센터,,800,8,8,0.0,33,3400,6,0,0,0.01
2012-12-26 12:21:00,2012,12,26,0,9~12,삼척시,가곡면,산아래,맑음,-8,42,,인간의 부주의,삼척소방서,원덕119안전센터,가곡119지역대,1300,59,23,4.0,385,23500,29,0,0,0.2
2013-01-12 16:46:00,2013,1,12,1,15~18,양양군,강현면,산아래,흐림,5,49,,인간의 부주의,양양소방서,양양119안전센터,,1152,12,8,0.0,268,3554,14,0,0,0.1
2013-02-28 12:09:00,2013,2,28,0,9~12,삼척시,원덕읍,산아래,구름많음,10,41,,인간의 부주의,삼척소방서,원덕119안전센터,,410,37,2,0.0,242,10100,15,0,0,0.02
2013-03-06 15:08:00,2013,3,6,0,15~18,춘천시,남산면,산아래,맑음,11,54,,인간의 부주의,춘천소방서,강촌119안전센터,,1200,29,15,0.0,118,5000,13,0,0,0.05
2013-03-08 12:12:00,2013,3,8,0,9~12,양양군,현남면,산아래,맑음,14,35,건조주의보,인간의 부주의,양양소방서,하조대119안전센터,,956,50,13,0.0,721,11618,21,0,457,1.0
2013-03-09 13:10:00,2013,3,9,1,12~15,춘천시,북산면,산아래,맑음,21,26,,인간의 부주의,춘천소방서,후평119안전센터,,3200,30,30,0.0,75,4300,7,0,0,0.3
2013-03-11 12:44:00,2013,3,11,0,9~12,양구군,양구읍,산아래,맑음,8,44,,인간의 부주의,춘천소방서,양구119안전센터,,1300,57,13,23.0,95,2600,5,0,1,0.1
2013-03-16 10:58:00,2013,3,16,1,9~12,양양군,강현면,산아래,맑음,13,31,,인간의 부주의,양양소방서,양양119안전센터,,2000,15,9,0.0,181,11100,24,0,2889,0.2
2013-03-23 14:31:00,2013,3,23,1,12~15,원주시,지정면,산중턱,맑음,7,56,,미상,원주소방서,문막119안전센터,지정119지역대,1129,21,8,8.0,73,4306,6,0,1320,0.1
2013-03-27 14:35:00,2013,3,27,0,12~15,춘천시,남산면,산아래,맑음,15,13,,인간의 부주의,춘천소방서,강촌119안전센터,,644,20,7,0.0,91,21710,13,0,156231,4.0
2013-03-27 15:54:00,2013,3,27,0,15~18,홍천군,홍천읍,산아래,맑음,17,14,,인간의 부주의,홍천소방서,홍천119안전센터,,445,3,3,0.0,206,3959,17,0,4765,0.1
2013-03-28 02:12:00,2013,3,28,0,0~3,강릉시,교동,산중턱,맑음,4,37,,방화 및 방화의심,강릉소방서,유천119안전센터,,504,2,2,0.0,22,2029,9,0,0,0.02
2013-04-01 14:20:00,2013,4,1,0,12~15,춘천시,동면,미상,구름많음,15,19,,미상,춘천소방서,후평119안전센터,,1027,5,5,0.0,46,812,7,0,0,0.01
2013-04-27 11:47:00,2013,4,27,1,9~12,양양군,현남면,산중턱,맑음,16,54,,미상,양양소방서,하조대119안전센터,,859,36,5,0.0,154,13120,10,0,580,0.3
2013-04-30 11:59:00,2013,4,30,0,9~12,삼척시,신기면,산중턱,맑음,23,53,,인간의 부주의,삼척소방서,도계119안전센터,하장119지역대,300,18,18,3.0,94,30800,26,0,3752,0.8
2013-05-04 12:50:00,2013,5,4,1,9~12,홍천군,홍천읍,산아래,맑음,18,39,,인간의 부주의,홍천소방서,홍천119안전센터,,957,4,4,0.0,93,739,12,0,0,0.1
2013-05-06 14:49:00,2013,5,6,0,12~15,춘천시,동면,산아래,맑음,24,30,,인간의 부주의,춘천소방서,후평119안전센터,,646,6,6,0.0,98,2703,20,0,0,0.1
2013-05-08 11:04:00,2013,5,8,0,9~12,속초시,설악동,산정상,맑음,24,32,,미상,속초소방서,설악119안전센터,,300,10,4,0.0,46,15100,10,0,0,0.01
2013-05-08 12:25:00,2013,5,8,0,9~12,횡성군,강림면,산중턱,맑음,24,32,,인간의 부주의,횡성소방서,우천119안전센터,강림지역대,908,18,12,10.0,102,20100,12,0,0,0.2
2013-05-12 13:57:00,2013,5,12,1,12~15,삼척시,미로면,산정상,맑음,25,28,,인간의 부주의,삼척소방서,봉황119안전센터,미로119지역대,132,10,10,1.0,149,13100,21,0,1445,0.1
2013-05-16 11:14:00,2013,5,16,0,9~12,홍천군,남면,산중턱,맑음,23,32,,인간의 부주의,홍천소방서,양덕원119안전센터,,819,17,3,0.0,83,4022,6,0,0,0.05
2013-06-07 02:59:00,2013,6,7,0,0~3,춘천시,동면,산아래,구름많음,19,88,,미상,춘천소방서,후평119안전센터,,1500,5,5,0.0,18,11500,6,0,0,0.02
2013-10-29 14:30:00,2013,10,29,0,12~15,춘천시,사북면,산중턱,구름많음,16,55,,인간의 부주의,춘천소방서,후평119안전센터,,2000,19,19,0.0,43,5700,8,0,0,0.05
2013-11-08 21:31:00,2013,11,8,0,21~24,양양군,양양읍,산중턱,맑음,9,87,,인간의 부주의,양양소방서,양양119안전센터,,1700,18,4,0.0,34,200,7,0,0,0.01
2013-11-22 22:17:00,2013,11,22,0,21~24,태백시,하사미동,산정상,흐림,-1,78,,미상,태백소방서,화전119안전센터,,2811,30,25,0.0,36,33722,8,0,0,0.05
2013-12-01 21:40:00,2013,12,1,1,21~24,강릉시,성산면,산아래,맑음,7,38,건조주의보,미상,강릉소방서,내곡119안전센터,,1015,8,4,0.0,39,2929,13,0,440,0.03
2013-12-06 14:02:00,2013,12,6,0,12~15,양양군,현북면,산아래,구름조금,7,0,,미상,양양소방서,하조대119안전센터,,2142,28,6,0.0,234,2018,23,0,0,0.01
2014-01-15 16:19:00,2014,1,15,0,15~18,삼척시,도계읍,산중턱,맑음,2,45,,인간의 부주의,삼척소방서,도계119안전센터,,500,41,4,0.0,180,15200,20,0,0,0.1
2014-01-16 10:44:00,2014,1,16,0,9~12,정선군,북평면,산중턱,맑음,6,50,,인간의 부주의,정선소방서,조양119안전센터,북평119지역대,500,18,18,9.0,136,34000,18,0,0,0.2
2014-01-19 19:31:00,2014,1,19,1,18~21,원주시,신림면,산아래,맑음,-2,48,,인간의 부주의,원주소방서,신림119안전센터,,1440,22,3,0.0,66,3020,6,0,0,0.02
2014-03-03 11:37:00,2014,3,3,0,9~12,원주시,흥업면,산아래,맑음,10,60,,인간의 부주의,원주소방서,혁신119안전센터,명륜119지역대,2934,27,27,0.0,53,924,13,0,0,0.1
2014-03-03 14:06:00,2014,3,3,0,12~15,원주시,관설동,산아래,맑음,10,25,,인간의 부주의,원주소방서,단구119안전센터,,920,5,4,0.0,70,2918,10,0,0,0.06
2014-03-07 11:51:00,2014,3,7,0,9~12,영월군,김삿갓면,산아래,맑음,2,17,건조주의보,인간의 부주의,영월소방서,중동119안전센터,김삿갓119지역대,732,12,20,5.0,411,90743,19,0,0,2.0
2014-03-07 13:37:00,2014,3,7,0,12~15,춘천시,서면,산아래,맑음,5,23,,인간의 부주의,춘천소방서,강촌119안전센터,,1308,21,9,0.0,58,10012,5,0,0,0.05
2014-03-07 15:08:00,2014,3,7,0,15~18,홍천군,북방면,산아래,맑음,5,13,,미상,홍천소방서,홍천119안전센터,북방119지역대,1700,16,16,14.0,107,11734,10,0,0,0.2
2014-03-10 10:19:00,2014,3,10,0,9~12,화천군,화천읍,평지,맑음,5,0,,인간의 부주의,춘천소방서,화천119안전센터,,448,40,5,0.0,95,11800,3,0,0,0.12
2014-03-24 16:24:00,2014,3,24,0,15~18,홍천군,두촌면,산아래,맑음,16,0,,인간의 부주의,홍천소방서,홍천119안전센터,두촌119지역대,355,24,24,2.0,128,10032,9,0,0,0.2
2014-03-24 19:14:00,2014,3,24,0,18~21,양양군,강현면,산아래,맑음,15,31,건조주의보,기계/전기/화학 요인,양양소방서,양양119안전센터,,854,13,7,0.0,615,5552,34,0,4332,0.3
2014-03-27 15:48:00,2014,3,27,0,15~18,철원군,갈말읍,산중턱,맑음,21,27,,인간의 부주의,철원소방서,태봉119안전센터,,303,1,9,0.0,38,5627,10,0,0,0.03
2014-03-27 17:26:00,2014,3,27,0,15~18,홍천군,서면,산중턱,맑음,22,19,,인간의 부주의,홍천소방서,양덕원119안전센터,서면119지역대,1256,47,26,8.0,104,11655,11,0,310,0.2
2014-03-27 18:29:00,2014,3,27,0,18~21,평창군,용평면,산아래,맑음,17,32,,미상,평창소방서,봉평119안전센터,,2922,48,27,17.0,263,12018,17,0,1340,0.15
2014-04-01 13:42:00,2014,4,1,0,12~15,횡성군,서원면,산아래,구름조금,22,23,,기계/전기/화학 요인,횡성소방서,횡성119안전센터,서원119지역대,1500,18,18,5.0,103,4900,68,0,0,0.2
2014-04-09 13:52:00,2014,4,9,0,12~15,영월군,수주면,산아래,맑음,23,24,,인간의 부주의,영월소방서,주천119안전센터,,2200,38,19,0.0,145,4500,26,0,0,0.0
2014-04-10 13:04:00,2014,4,10,0,12~15,양구군,남면,산아래,맑음,21,37,,인간의 부주의,춘천소방서,양구119안전센터,남면119지역대,1111,60,10,4.0,78,4110,10,0,0,0.05
2014-04-10 15:08:00,2014,4,10,0,15~18,철원군,갈말읍,산아래,구름조금,20,28,,인간의 부주의,철원소방서,태봉119안전센터,,133,1,7,0.0,71,3103,6,0,0,0.03
2014-04-11 14:25:00,2014,4,11,0,12~15,춘천시,동면,산중턱,구름조금,22,31,,인간의 부주의,춘천소방서,후평119안전센터,,0,30,30,0.0,73,5000,4,0,0,0.01
2014-04-11 17:27:00,2014,4,11,0,15~18,원주시,지정면,산정상,구름조금,18,53,,인간의 부주의,원주소방서,문막119안전센터,,2519,25,11,0.0,80,2402,8,0,0,0.1
2014-04-12 13:59:00,2014,4,12,1,12~15,양구군,양구읍,산중턱,맑음,12,0,건조주의보,인간의 부주의,춘천소방서,양구119안전센터,,2755,55,14,22.0,110,12504,7,0,0,0.2
2014-04-16 22:45:00,2014,4,16,0,21~24,춘천시,동면,산아래,구름조금,9,96,,미상,춘천소방서,후평119안전센터,,500,2,2,0.0,131,30800,6,0,0,0.09
2014-04-17 19:14:00,2014,4,17,0,18~21,춘천시,동면,산아래,비,14,93,,방화 및 방화의심,춘천소방서,후평119안전센터,,459,4,4,0.0,109,5901,3,0,0,0.03
2014-04-20 13:41:00,2014,4,20,1,12~15,홍천군,서면,산아래,구름조금,21,36,,인간의 부주의,홍천소방서,양덕원119안전센터,서면119지역대,3830,47,38,15.0,102,3535,12,0,44,0.2
2014-04-21 13:15:00,2014,4,21,0,12~15,영월군,한반도면,산중턱,구름조금,21,29,,인간의 부주의,영월소방서,주천119안전센터,한반도119지역대,1348,25,6,0.0,133,14814,10,0,0,0.1
2014-04-21 16:05:00,2014,4,21,0,15~18,고성군,토성면,산중턱,맑음,16,31,,인간의 부주의,고성소방서,동광119안전센터,,2011,14,13,0.0,119,2922,24,0,5084,0.09
2014-04-22 10:38:00,2014,4,22,0,9~12,인제군,북면,산중턱,구름조금,18,70,,인간의 부주의,인제소방서,원통119안전센터,,1732,15,6,0.0,136,800,21,0,0,0.05
2014-04-22 14:44:00,2014,4,22,0,12~15,홍천군,화촌면,산정상,맑음,23,13,,인간의 부주의,홍천소방서,홍천119안전센터,화촌119지역대,740,19,19,8.0,115,10323,25,0,0,0.5
2014-04-23 13:30:00,2014,4,23,0,12~15,춘천시,남면,산중턱,맑음,23,18,,인간의 부주의,춘천소방서,강촌119안전센터,,1000,38,10,0.0,156,5800,6,0,0,0.03
2014-04-24 10:50:00,2014,4,24,0,9~12,홍천군,서석면,산정상,맑음,20,34,,인간의 부주의,홍천소방서,서석119안전센터,,2956,42,9,0.0,395,93611,38,0,0,2.5
2014-04-24 11:45:00,2014,4,24,0,9~12,횡성군,우천면,산중턱,맑음,21,44,,미상,횡성소방서,우천119안전센터,,2132,21,13,0.0,201,14941,211,0,3856,0.4
2014-04-24 12:54:00,2014,4,24,0,9~12,영월군,수주면,산중턱,맑음,23,24,,인간의 부주의,영월소방서,주천119안전센터,,3838,46,20,0.0,150,15521,10,0,850,1.0
2014-04-24 15:26:00,2014,4,24,0,15~18,춘천시,동산면,산정상,맑음,26,19,,인간의 부주의,춘천소방서,석사119안전센터,,2100,22,16,0.0,94,4000,7,0,0,0.05
2014-04-24 18:15:00,2014,4,24,0,18~21,춘천시,남산면,산정상,맑음,23,18,,인간의 부주의,춘천소방서,강촌119안전센터,,1900,30,10,0.0,87,1400,4,0,0,0.06
2014-04-24 18:32:00,2014,4,24,0,18~21,영월군,수주면,산중턱,맑음,16,70,,인간의 부주의,영월소방서,주천119안전센터,,4000,35,10,0.0,112,4600,23,0,0,0.15
2014-04-25 20:14:00,2014,4,25,0,18~21,화천군,화천읍,산아래,맑음,18,0,,인간의 부주의,춘천소방서,화천119안전센터,,421,50,5,,58,14426,7,0,0,0.1
2014-04-26 10:39:00,2014,4,26,1,9~12,평창군,용평면,산중턱,구름조금,18,43,,인간의 부주의,평창소방서,봉평119안전센터,용평119지역대,2255,43,22,12.0,269,24518,11,0,0,0.3
2014-05-04 18:42:00,2014,5,4,1,18~21,홍천군,동면,산정상,비,16,28,,인간의 부주의,홍천소방서,홍천119안전센터,동면119지역대,827,9,9,5.0,94,14447,15,0,2,0.1
2014-05-06 18:36:00,2014,5,6,0,18~21,영월군,영월읍,산아래,구름조금,18,23,,인간의 부주의,영월소방서,영월119안전센터,,1203,9,9,8.0,288,4100,7,0,0,0.5
2014-05-09 16:03:00,2014,5,9,0,15~18,삼척시,노곡면,산중턱,맑음,12,25,,인간의 부주의,삼척소방서,근덕119안전센터,,2500,35,25,34.0,136,11800,14,0,900,0.3
2014-05-10 15:00:00,2014,5,10,1,15~18,영월군,북면,산정상,맑음,27,21,,인간의 부주의,영월소방서,영월119안전센터,북면119지역대,3243,22,22,10.0,128,22421,13,0,462,0.1
2014-05-11 16:36:00,2014,5,11,1,15~18,인제군,남면,산정상,흐림,17,72,,인간의 부주의,인제소방서,인제119안전센터,남면119지역대,1701,15,15,6.0,53,5916,9,0,0,0.03
2014-05-14 18:22:00,2014,5,14,0,18~21,정선군,임계면,산중턱,맑음,23,30,,인간의 부주의,정선소방서,임계119안전센터,,2000,55,14,30.0,133,5600,16,0,0,0.1
2014-05-26 11:58:00,2014,5,26,0,9~12,삼척시,근덕면,산정상,맑음,32,34,,인간의 부주의,삼척소방서,근덕119안전센터,,2527,20,20,0.0,95,5500,12,0,5755,0.3
2014-05-31 17:01:00,2014,5,31,1,15~18,평창군,미탄면,산정상,맑음,33,22,,인간의 부주의,평창소방서,평창119안전센터,,733,19,19,6.0,105,25610,12,0,41250,0.5
2014-06-10 16:52:00,2014,6,10,0,15~18,원주시,흥업면,산정상,맑음,23,68,,인간의 부주의,원주소방서,혁신119안전센터,명륜119지역대,1200,8,8,0.0,52,4514,5,0,110,0.01
2014-06-15 14:10:00,2014,6,15,1,12~15,인제군,인제읍,산아래,맑음,28,20,,인간의 부주의,인제소방서,인제119안전센터,,1727,18,18,0.0,124,15000,15,0,102,0.05
2014-06-19 15:03:00,2014,6,19,0,15~18,인제군,남면,평지,비,23,72,,인간의 부주의,인제소방서,인제119안전센터,남면119지역대,1000,20,20,10.0,84,10600,7,0,7920,0.04
2014-09-20 13:34:00,2014,9,20,1,12~15,화천군,화천읍,산중턱,맑음,25,0,,인간의 부주의,춘천소방서,화천119안전센터,,3900,48,16,26.0,122,40800,115,0,0,0.25
2014-10-28 11:52:00,2014,10,28,0,9~12,홍천군,두촌면,산중턱,맑음,14,0,,인간의 부주의,홍천소방서,홍천119안전센터,두촌119지역대,755,25,25,11.0,41,22811,10,0,0,0.02
2014-10-29 13:33:00,2014,10,29,0,12~15,인제군,기린면,산중턱,맑음,17,46,,인간의 부주의,인제소방서,기린119안전센터,,3513,47,18,0.0,56,23701,8,0,0,0.7
2014-10-30 14:41:00,2014,10,30,0,12~15,평창군,대화면,산중턱,맑음,19,33,,인간의 부주의,평창소방서,평창119안전센터,,2143,20,20,0.0,109,30959,10,0,372,0.5
2014-11-09 13:17:00,2014,11,9,1,12~15,홍천군,내촌면,산아래,맑음,14,0,,기계/전기/화학 요인,홍천소방서,서석119안전센터,내촌119지역대,1749,36,22,9.0,50,11805,16,0,0,0.01
2014-11-11 11:30:00,2014,11,11,0,9~12,양구군,양구읍,평지,구름조금,9,56,,인간의 부주의,춘천소방서,양구119안전센터,,500,40,4,19.0,63,5400,4,0,2541,0.05
2014-11-23 08:28:00,2014,11,23,1,6~9,양양군,서면,산중턱,맑음,12,61,,미상,양양소방서,양양119안전센터,,755,27,11,0.0,164,21324,24,0,800,1.0
2015-02-01 16:08:00,2015,2,1,1,15~18,춘천시,북산면,산아래,맑음,3,34,,인간의 부주의,춘천소방서,신북119안전센터,,3318,68,71,12.0,88,10433,15,0,5701,0.1
2015-02-08 13:25:00,2015,2,8,1,12~15,삼척시,가곡면,산아래,맑음,-10,26,풍랑주의보,인간의 부주의,삼척소방서,원덕119안전센터,가곡119지역대,1334,45,12,9.0,3743,32008,160,0,44174,18.0
2015-02-26 14:15:00,2015,2,26,0,12~15,원주시,태장동,산아래,맑음,6,30,풍랑주의보,인간의 부주의,원주소방서,태장119안전센터,,642,8,6,0.0,96,11703,11,0,0,0.2
2015-03-02 16:17:00,2015,3,2,0,15~18,인제군,북면,산정상,맑음,8,54,,인간의 부주의,인제소방서,원통119안전센터,,414,14,4,0.0,124,5700,9,0,0,0.01
2015-03-08 10:43:00,2015,3,8,1,9~12,횡성군,청일면,산아래,구름조금,9,39,,인간의 부주의,횡성소방서,둔내119안전센터,청일지역대,452,30,13,4.0,67,3144,12,0,0,0.1
2015-03-08 11:01:00,2015,3,8,1,9~12,고성군,죽왕면,산아래,구름조금,8,61,,인간의 부주의,고성소방서,동광119안전센터,,1515,22,14,0.0,529,21111,33,0,534,0.9
2015-03-08 13:58:00,2015,3,8,1,12~15,강릉시,성산면,산중턱,맑음,12,51,,인간의 부주의,강릉소방서,내곡119안전센터,,932,6,7,0.0,100,5144,22,0,1375,0.1
2015-03-09 14:21:00,2015,3,9,0,12~15,춘천시,신북읍,산아래,맑음,8,21,,인간의 부주의,춘천소방서,신북119안전센터,,916,10,7,0.0,59,4900,7,0,0,0.01
2015-03-09 14:40:00,2015,3,9,0,12~15,춘천시,동면,산아래,맑음,8,23,한파주의보,인간의 부주의,춘천소방서,후평119안전센터,,1853,6,6,0.0,261,14604,18,0,649,0.4
2015-03-11 17:15:00,2015,3,11,0,15~18,강릉시,연곡면,산아래,구름조금,5,42,풍랑주의보,인간의 부주의,강릉소방서,주문진119안전센터,,1903,21,8,0.0,71,3334,13,0,385,0.1
2015-03-11 18:59:00,2015,3,11,0,18~21,홍천군,동면,산중턱,맑음,4,17,풍랑주의보,인간의 부주의,홍천소방서,홍천119안전센터,동면119지역대,1713,16,16,12.0,76,4110,8,0,0,0.03
2015-03-14 13:19:00,2015,3,14,1,12~15,양구군,동면,산아래,맑음,7,29,,인간의 부주의,춘천소방서,양구119안전센터,,355,59,15,4.0,60,1513,4,0,0,0.07
2015-03-14 14:53:00,2015,3,14,1,12~15,홍천군,남면,산아래,맑음,10,15,,인간의 부주의,홍천소방서,양덕원119안전센터,,421,16,3,0.0,137,5634,15,0,162,0.8
2015-03-15 14:32:00,2015,3,15,1,12~15,동해시,쇄운동,산아래,맑음,12,56,건조경보,인간의 부주의,동해소방서,북삼119안전센터,삼화119지역대,1225,10,6,6.0,263,23011,6,0,0,0.3
2015-03-17 16:05:00,2015,3,17,0,15~18,삼척시,원덕읍,산아래,맑음,17,30,,인간의 부주의,삼척소방서,원덕119안전센터,,1337,45,19,0.0,227,22000,18,1,0,0.5
2015-03-19 15:03:00,2015,3,19,0,15~18,화천군,사내면,산아래,맑음,20,30,,인간의 부주의,춘천소방서,사내119안전센터,,929,55,10,0.0,54,5700,4,0,0,0.02
2015-03-22 13:40:00,2015,3,22,1,12~15,영월군,주천면,평지,맑음,7,30,,인간의 부주의,영월소방서,주천119안전센터,,1252,35,8,0.0,117,12100,21,0,0,0.1
2015-03-22 13:58:00,2015,3,22,1,12~15,화천군,간동면,산중턱,맑음,12,14,,인간의 부주의,춘천소방서,화천119안전센터,,419,25,19,3.0,445,202300,15,1,15037,11.0
2015-03-22 14:14:00,2015,3,22,1,12~15,횡성군,청일면,평지,맑음,15,7,,인간의 부주의,횡성소방서,둔내119안전센터,청일지역대,1040,29,17,9.0,337,34628,22,0,0,0.3
2015-03-22 16:08:00,2015,3,22,1,15~18,홍천군,두촌면,산아래,맑음,11,12,,인간의 부주의,홍천소방서,홍천119안전센터,두촌119지역대,1051,24,24,8.0,319,41300,12,1,1516,2.0
2015-03-23 09:43:00,2015,3,23,0,6~9,철원군,갈말읍,산아래,맑음,4,12,풍랑주의보,인간의 부주의,철원소방서,태봉119안전센터,,1200,11,11,0.0,71,2900,8,0,0,0.1
2015-03-23 12:42:00,2015,3,23,0,9~12,인제군,인제읍,산중턱,맑음,8,14,건조주의보,인간의 부주의,인제소방서,인제119안전센터,,2020,20,20,0.0,732,22600,21,0,0,3.0
2015-03-24 16:32:00,2015,3,24,0,15~18,홍천군,내촌면,산정상,맑음,13,0,,인간의 부주의,홍천소방서,서석119안전센터,내촌119지역대,1343,32,21,8.0,216,21106,13,0,0,0.2
2015-03-25 13:21:00,2015,3,25,0,12~15,홍천군,서석면,산아래,맑음,12,19,,인간의 부주의,홍천소방서,서석119안전센터,,1528,46,13,0.0,229,14801,11,0,0,0.1
2015-03-25 15:55:00,2015,3,25,0,15~18,삼척시,도계읍,산아래,맑음,7,57,,인간의 부주의,삼척소방서,도계119안전센터,,1357,35,16,0.0,178,20000,11,1,0,0.2
2015-03-25 16:53:00,2015,3,25,0,15~18,평창군,미탄면,산정상,맑음,13,9,,인간의 부주의,평창소방서,평창119안전센터,미탄119지역대,829,20,7,0.0,113,10308,9,0,9900,0.2
2015-03-25 18:49:00,2015,3,25,0,18~21,홍천군,내촌면,산정상,맑음,11,19,,인간의 부주의,홍천소방서,서석119안전센터,내촌119지역대,1522,38,22,9.0,291,135323,14,0,0,2.9
2015-03-25 20:01:00,2015,3,25,0,18~21,춘천시,남산면,산아래,맑음,5,41,,인간의 부주의,춘천소방서,강촌119안전센터,,2850,31,19,0.0,86,3615,12,0,1584,0.05
2015-03-26 12:40:00,2015,3,26,0,9~12,삼척시,도경동,산중턱,맑음,14,32,,인간의 부주의,삼척소방서,봉황119안전센터,,1000,10,10,0.0,783,25600,21,0,0,0.3
2015-03-26 13:29:00,2015,3,26,0,12~15,원주시,신림면,산아래,맑음,13,20,,인간의 부주의,원주소방서,신림119안전센터,,1411,35,11,0.0,157,23519,13,0,0,1.5
2015-03-28 14:41:00,2015,3,28,1,12~15,평창군,미탄면,산아래,구름조금,17,5,,미상,평창소방서,평창119안전센터,미탄119지역대,1546,20,0,6.0,520,43021,23,0,72224,2.5
2015-03-29 13:04:00,2015,3,29,1,12~15,원주시,태장동,산아래,구름조금,16,39,,인간의 부주의,원주소방서,학성119안전센터,,458,6,4,0.0,55,1653,5,0,0,0.05
2015-03-29 14:25:00,2015,3,29,1,12~15,춘천시,남산면,산아래,구름조금,18,29,,인간의 부주의,춘천소방서,강촌119안전센터,,2029,30,17,0.0,58,1919,10,0,0,0.03
2015-03-30 12:52:00,2015,3,30,0,9~12,춘천시,남산면,산중턱,구름조금,19,28,,인간의 부주의,춘천소방서,강촌119안전센터,,1054,21,6,0.0,111,22837,7,0,0,0.1
2015-04-03 14:35:00,2015,4,3,0,12~15,인제군,북면,산정상,맑음,18,48,,인간의 부주의,인제소방서,원통119안전센터,,200,11,3,0.0,70,3200,6,0,0,0.01
2015-04-12 16:13:00,2015,4,12,1,15~18,철원군,김화읍,산아래,맑음,13,55,,인간의 부주의,철원소방서,김화119안전센터,,456,12,3,16.0,213,14542,12,0,0,0.2
2015-04-13 10:41:00,2015,4,13,0,9~12,화천군,상서면,산중턱,맑음,12,0,풍랑주의보,미상,춘천소방서,화천119안전센터,상서119지역대,200,46,11,8.0,258,5100,3,0,0,0.3
2015-04-23 12:14:00,2015,4,23,0,9~12,고성군,간성읍,산아래,구름조금,24,17,,기계/전기/화학 요인,고성소방서,간성119안전센터,,1459,33,11,0.0,515,12721,17,0,0,0.5
2015-04-23 15:14:00,2015,4,23,0,15~18,인제군,인제읍,미상,구름조금,21,17,,미상,인제소방서,인제119안전센터,,2707,35,35,0.0,225,21800,20,0,0,1.0
2015-04-24 13:33:00,2015,4,24,0,12~15,정선군,여량면,산아래,맑음,21,18,,인간의 부주의,정선소방서,임계119안전센터,여량면119지역대,1255,27,27,12.0,160,10917,13,0,1166,0.3
2015-04-26 12:37:00,2015,4,26,1,9~12,화천군,상서면,산정상,맑음,23,0,,인간의 부주의,춘천소방서,화천119안전센터,상서119지역대,3320,46,17,20.0,80,5843,8,0,0,0.2
2015-04-26 19:26:00,2015,4,26,1,18~21,강릉시,옥계면,산아래,맑음,22,36,,기계/전기/화학 요인,강릉소방서,옥계119안전센터,,909,36,6,0.0,314,50610,18,0,0,0.2
2015-04-28 13:57:00,2015,4,28,0,12~15,홍천군,화촌면,산아래,맑음,26,12,,인간의 부주의,홍천소방서,홍천119안전센터,화촌119지역대,1511,26,10,16.0,328,35052,29,0,0,2.0
2015-05-02 12:44:00,2015,5,2,1,9~12,영월군,남면,산정상,맑음,29,35,,인간의 부주의,영월소방서,영월119안전센터,남면119지역대,2533,19,19,12.0,128,24936,10,0,4,0.03
2015-05-02 17:17:00,2015,5,2,1,15~18,강릉시,주문진읍,산정상,맑음,22,59,,미상,강릉소방서,주문진119안전센터,,1226,26,11,0.0,70,10820,14,0,0,0.02
2015-05-05 07:10:00,2015,5,5,0,6~9,강릉시,사천면,산중턱,맑음,14,32,,인간의 부주의,강릉소방서,경포119안전센터,,1725,15,13,0.0,76,10900,13,0,0,0.01
2015-05-05 10:53:00,2015,5,5,0,9~12,강릉시,왕산면,산중턱,맑음,15,46,,인간의 부주의,강릉소방서,내곡119안전센터,,3037,32,30,0.0,229,14523,23,0,0,0.2
2015-05-05 11:07:00,2015,5,5,0,9~12,평창군,봉평면,산정상,맑음,17,29,,인간의 부주의,평창소방서,봉평119안전센터,,1215,36,6,0.0,44,10622,6,0,0,0.1
2015-05-05 16:28:00,2015,5,5,0,15~18,횡성군,횡성읍,산정상,맑음,21,28,,인간의 부주의,횡성소방서,횡성119안전센터,,1021,5,5,0.0,41,12428,9,0,2541,0.01
2015-05-07 13:30:00,2015,5,7,0,12~15,춘천시,서면,산아래,맑음,23,33,,인간의 부주의,춘천소방서,신북119안전센터,,1727,12,10,0.0,102,1224,13,0,0,0.01
2015-05-07 14:45:00,2015,5,7,0,12~15,춘천시,동산면,평지,맑음,24,33,,인간의 부주의,춘천소방서,석사119안전센터,,1941,16,12,0.0,80,2328,15,1,907,0.01
2015-05-08 13:49:00,2015,5,8,0,12~15,강릉시,왕산면,산중턱,맑음,19,0,,인간의 부주의,강릉소방서,내곡119안전센터,,5353,0,0,0.0,107,11409,16,0,0,0.1
2015-05-11 13:26:00,2015,5,11,0,12~15,정선군,임계면,산중턱,맑음,21,41,,인간의 부주의,정선소방서,임계119안전센터,,1322,40,13,15.0,105,25000,17,0,0,0.1
2015-05-17 17:10:00,2015,5,17,1,15~18,홍천군,내면,산아래,구름조금,21,22,,인간의 부주의,홍천소방서,서석119안전센터,내면119지역대,2400,53,41,14.0,131,21501,13,0,0,0.2
2015-05-21 14:55:00,2015,5,21,0,12~15,삼척시,노곡면,산중턱,맑음,19,57,,인간의 부주의,삼척소방서,근덕119안전센터,노곡119지역대,814,28,20,7.0,335,74600,22,1,0,1.2
2015-05-21 15:37:00,2015,5,21,0,15~18,홍천군,홍천읍,산아래,맑음,28,20,,방화 및 방화의심,홍천소방서,홍천119안전센터,,253,3,3,0.0,145,13111,14,0,333,1.0
2015-05-21 15:44:00,2015,5,21,0,15~18,영월군,북면,산아래,맑음,27,26,,인간의 부주의,영월소방서,영월119안전센터,북면119지역대,453,5,31,10.0,120,20424,9,0,0,0.04
2015-05-21 19:22:00,2015,5,21,0,18~21,강릉시,왕산면,산정상,구름조금,20,34,건조주의보,인간의 부주의,강릉소방서,내곡119안전센터,,5012,34,32,0.0,252,23842,23,0,0,0.7
2015-05-25 01:21:00,2015,5,25,0,0~3,횡성군,갑천면,산정상,맑음,11,98,,인간의 부주의,횡성소방서,횡성119안전센터,갑천119지역대,3346,21,21,17.0,139,121217,9,0,0,0.5
2015-05-28 17:55:00,2015,5,28,0,15~18,평창군,미탄면,산중턱,구름조금,29,17,,미상,평창소방서,평창119안전센터,미탄119지역대,753,17,0,6.0,141,12809,10,0,0,0.3
2015-05-29 15:01:00,2015,5,29,0,15~18,삼척시,가곡면,산중턱,맑음,27,37,,인간의 부주의,삼척소방서,원덕119안전센터,가곡119지역대,2222,62,39,18.0,188,33900,16,0,0,0.25
2015-05-31 10:52:00,2015,5,31,1,9~12,삼척시,하장면,산아래,구름조금,21,55,,인간의 부주의,삼척소방서,도계119안전센터,하장119지역대,1302,42,37,8.0,211,15100,21,0,18816,0.5
2015-05-31 13:25:00,2015,5,31,1,12~15,화천군,상서면,산중턱,맑음,27,0,,인간의 부주의,춘천소방서,화천119안전센터,상서119지역대,355,68,31,6.0,88,15643,5,0,0,0.03
2015-05-31 14:18:00,2015,5,31,1,12~15,화천군,사내면,산중턱,맑음,28,21,,인간의 부주의,춘천소방서,사내119안전센터,,1100,55,6,0.0,195,32820,9,0,0,0.06
2015-05-31 19:01:00,2015,5,31,1,18~21,횡성군,우천면,산정상,맑음,25,48,,인간의 부주의,횡성소방서,우천119안전센터,,1330,14,6,0.0,61,42933,7,0,0,0.15
2015-06-02 15:24:00,2015,6,2,0,15~18,춘천시,남산면,산중턱,맑음,22,49,,인간의 부주의,춘천소방서,강촌119안전센터,,2646,24,10,0.0,79,3700,6,0,0,0.09
2015-06-03 14:00:00,2015,6,3,0,12~15,춘천시,남면,산아래,맑음,26,24,,인간의 부주의,춘천소방서,강촌119안전센터,,1632,40,15,0.0,237,44100,38,0,35930,1.0
2015-06-04 13:28:00,2015,6,4,0,12~15,철원군,갈말읍,산아래,맑음,29,11,,인간의 부주의,철원소방서,태봉119안전센터,,535,7,14,7.0,124,31917,19,0,3850,1.0
2015-06-04 23:56:00,2015,6,4,0,21~24,고성군,간성읍,산중턱,맑음,18,65,건조주의보,미상,고성소방서,간성119안전센터,,1603,7,7,0.0,89,2650,10,0,0,0.06
2015-06-07 12:29:00,2015,6,7,1,9~12,화천군,화천읍,산정상,구름조금,24,0,,인간의 부주의,춘천소방서,화천119안전센터,,939,41,7,0.0,82,5000,3,0,0,0.01
2015-06-09 17:03:00,2015,6,9,0,15~18,인제군,북면,산아래,구름조금,29,0,,인간의 부주의,인제소방서,원통119안전센터,,623,26,11,0.0,66,3800,5,0,0,0.01
2015-06-10 12:37:00,2015,6,10,0,9~12,횡성군,서원면,산정상,맑음,32,31,,인간의 부주의,횡성소방서,횡성119안전센터,서원119지역대,4053,27,27,35.0,144,34015,10,0,0,1.0
2015-06-10 16:00:00,2015,6,10,0,15~18,정선군,북평면,산아래,맑음,33,16,,인간의 부주의,정선소방서,조양119안전센터,,1006,12,12,7.0,113,11900,13,0,1522,0.4
2015-06-11 13:20:00,2015,6,11,0,12~15,홍천군,화촌면,산중턱,구름조금,32,19,,인간의 부주의,홍천소방서,홍천119안전센터,화촌119지역대,5758,25,25,13.0,95,13159,9,0,0,0.5
2015-06-12 13:40:00,2015,6,12,0,12~15,인제군,남면,산중턱,구름조금,26,49,,인간의 부주의,인제소방서,인제119안전센터,,1714,10,10,6.0,74,11100,6,0,0,0.01
2015-06-16 13:44:00,2015,6,16,0,12~15,화천군,간동면,산정상,구름조금,30,0,,인간의 부주의,춘천소방서,화천119안전센터,간동119지역대,728,25,14,6.0,115,13000,3,0,0,0.02
2015-06-17 15:43:00,2015,6,17,0,15~18,춘천시,북산면,산중턱,맑음,30,43,,인간의 부주의,춘천소방서,신북119안전센터,,4422,43,43,0.0,51,13700,5,0,0,0.05
2015-06-22 14:30:00,2015,6,22,0,12~15,홍천군,화촌면,산정상,맑음,31,30,,인간의 부주의,홍천소방서,홍천119안전센터,화촌119지역대,2340,13,13,11.0,55,4400,6,0,0,0.1
2015-09-25 14:18:00,2015,9,25,0,12~15,횡성군,강림면,산중턱,구름조금,22,61,,인간의 부주의,횡성소방서,우천119안전센터,강림지역대,458,28,18,4.0,99,11833,13,0,0,0.03
2015-09-27 11:28:00,2015,9,27,1,9~12,춘천시,사북면,산중턱,맑음,22,50,,인간의 부주의,춘천소방서,신북119안전센터,,4508,25,23,0.0,55,4819,7,0,0,0.01
2015-09-29 13:46:00,2015,9,29,0,12~15,원주시,문막읍,산중턱,구름조금,28,39,,인간의 부주의,원주소방서,문막119안전센터,,2454,25,15,0.0,26,13302,5,0,0,0.05
2015-10-06 15:09:00,2015,10,6,0,15~18,철원군,갈말읍,산중턱,맑음,25,29,,방화 및 방화의심,철원소방서,태봉119안전센터,,219,1,1,0.0,114,11800,12,0,0,0.1
2015-10-16 15:35:00,2015,10,16,0,15~18,정선군,정선읍,산중턱,구름조금,23,22,,인간의 부주의,정선소방서,조양119안전센터,,419,1,1,12.0,71,2932,13,0,0,0.05
2015-10-17 09:30:00,2015,10,17,1,6~9,강릉시,연곡면,산중턱,맑음,19,15,,미상,강릉소방서,주문진119안전센터,,218,45,32,0.0,172,42844,23,0,2560,0.8
2015-10-17 15:32:00,2015,10,17,1,15~18,철원군,갈말읍,산정상,맑음,25,21,,자연적 요인,철원소방서,태봉119안전센터,군탄119지역대,1840,15,10,0.0,11,20627,4,0,0,0.05
2015-10-24 11:57:00,2015,10,24,1,9~12,강릉시,왕산면,산아래,구름조금,18,29,,기계/전기/화학 요인,강릉소방서,내곡119안전센터,,3653,36,35,0.0,241,34428,21,0,0,0.5
2015-11-01 16:07:00,2015,11,1,1,15~18,홍천군,내면,산정상,맑음,10,34,,미상,홍천소방서,서석119안전센터,내면119지역대,1358,65,31,0.0,101,13707,5,0,0,0.1
2015-11-02 13:45:00,2015,11,2,0,12~15,강릉시,연곡면,산아래,맑음,16,27,,인간의 부주의,강릉소방서,주문진119안전센터,,1143,14,2,0.0,91,2200,15,0,0,0.03
2015-11-04 10:42:00,2015,11,4,0,9~12,인제군,상남면,산아래,맑음,8,45,,인간의 부주의,인제소방서,기린119안전센터,상남119지역대,1352,44,8,8.0,126,5246,11,0,0,0.2
2015-12-12 13:26:00,2015,12,12,1,12~15,횡성군,횡성읍,산아래,맑음,9,41,풍랑주의보,인간의 부주의,횡성소방서,횡성119안전센터,,417,3,3,0.0,71,4414,12,0,297,0.03
2015-12-16 13:42:00,2015,12,16,0,12~15,양양군,현남면,산정상,맑음,0,0,,미상,양양소방서,하조대119안전센터,,2112,40,12,0.0,143,13700,20,0,330,0.1
2015-12-22 13:52:00,2015,12,22,0,12~15,강릉시,학동,산아래,맑음,10,49,,인간의 부주의,강릉소방서,포남119안전센터,,445,4,4,0.0,41,941,10,0,0,0.01
2016-01-06 15:09:00,2016,1,6,0,15~18,고성군,거진읍,산아래,맑음,20,22,,인간의 부주의,고성소방서,거진119안전센터,,422,10,1,10.0,73,3919,12,0,0,0.06
2016-01-12 14:24:00,2016,1,12,0,12~15,양구군,남면,평지,맑음,0,26,,인간의 부주의,춘천소방서,양구119안전센터,,446,43,10,7.0,84,3824,3,0,628,0.05
2016-01-13 11:24:00,2016,1,13,0,9~12,원주시,호저면,산아래,맑음,-3,0,,인간의 부주의,원주소방서,우산119안전센터,,1749,17,11,0.0,46,2151,9,0,0,0.03
2016-01-19 18:35:00,2016,1,19,0,18~21,강릉시,구정면,산아래,맑음,-7,25,건조주의보,인간의 부주의,강릉소방서,내곡119안전센터,,1123,9,9,0.0,490,31900,52,0,1125,3.0
2016-01-22 16:30:00,2016,1,22,0,15~18,춘천시,신동면,산아래,맑음,-3,29,한파경보,인간의 부주의,춘천소방서,강촌119안전센터,,911,11,7,0.0,37,1511,12,0,0,0.01
2016-01-25 17:02:00,2016,1,25,0,15~18,춘천시,남면,산아래,맑음,-5,25,,인간의 부주의,춘천소방서,강촌119안전센터,,1012,30,7,0.0,182,10931,17,0,0,0.3
2016-01-29 01:22:00,2016,1,29,0,0~3,홍천군,내촌면,산중턱,맑음,0,0,,인간의 부주의,홍천소방서,서석119안전센터,,1456,30,19,6.0,49,14544,4,0,1279,0.05
2016-01-29 11:49:00,2016,1,29,0,9~12,홍천군,북방면,산중턱,맑음,3,38,풍랑주의보,인간의 부주의,홍천소방서,홍천119안전센터,북방119지역대,2359,9,9,3.0,59,1834,8,0,0,0.03
2016-02-04 11:19:00,2016,2,4,0,9~12,원주시,문막읍,산아래,맑음,2,30,,인간의 부주의,원주소방서,문막119안전센터,,1519,26,8,0.0,75,4702,10,0,0,0.05
2016-02-04 13:35:00,2016,2,4,0,12~15,춘천시,동면,산아래,구름조금,5,29,,인간의 부주의,춘천소방서,후평119안전센터,,507,3,7,0.0,103,10411,9,0,0,1.0
2016-02-05 15:53:00,2016,2,5,0,15~18,횡성군,우천면,산아래,구름조금,3,26,,인간의 부주의,횡성소방서,우천119안전센터,,1652,31,11,0.0,185,13907,13,0,586,0.8
2016-02-08 13:19:00,2016,2,8,0,12~15,횡성군,횡성읍,평지,맑음,0,60,대설주의보,인간의 부주의,횡성소방서,횡성119안전센터,,1409,14,14,0.0,222,21135,10,0,0,3.0
2016-02-10 13:26:00,2016,2,10,0,12~15,춘천시,북산면,산중턱,맑음,6,28,,인간의 부주의,춘천소방서,신북119안전센터,,2958,30,25,0.0,110,2216,15,0,910,0.02
2016-02-18 23:20:00,2016,2,18,0,21~24,동해시,발한동,산중턱,맑음,8,41,,인간의 부주의,동해소방서,묵호119안전센터,,1150,7,3,0.0,504,25100,21,0,617,0.26
2016-02-21 09:06:00,2016,2,21,1,6~9,정선군,신동읍,산아래,맑음,-1,30,,기계/전기/화학 요인,정선소방서,신동119안전센터,,639,39,6,30.0,155,21100,16,0,0,0.3
2016-02-21 15:15:00,2016,2,21,1,15~18,정선군,남면,산아래,맑음,-4,63,,인간의 부주의,정선소방서,사북119안전센터,남면119지역대,1540,27,10,11.0,112,14800,12,0,0,0.3
2016-02-23 13:33:00,2016,2,23,0,12~15,인제군,북면,산중턱,구름조금,3,27,,미상,인제소방서,원통119안전센터,,2834,29,20,0.0,103,10906,10,0,0,1.0
2016-02-23 13:51:00,2016,2,23,0,12~15,양구군,양구읍,산아래,흐림,5,28,건조주의보,인간의 부주의,춘천소방서,양구119안전센터,,937,57,7,10.0,122,10201,6,0,0,0.5
2016-02-23 17:41:00,2016,2,23,0,15~18,화천군,사내면,산중턱,흐림,-4,65,,인간의 부주의,춘천소방서,사내119안전센터,,4513,49,9,0.0,35,4800,7,0,0,0.03
2016-02-26 14:30:00,2016,2,26,0,12~15,춘천시,동내면,평지,맑음,7,22,,인간의 부주의,춘천소방서,소양119안전센터,,705,10,4,0.0,60,2105,8,0,550,0.01
2016-02-26 15:36:00,2016,2,26,0,15~18,영월군,상동읍,산아래,구름조금,6,0,,인간의 부주의,영월소방서,중동119안전센터,상동119지역대,1618,32,10,12.0,90,5518,8,0,0,0.05
2016-03-02 17:58:00,2016,3,2,0,15~18,강릉시,성산면,산아래,맑음,6,49,,인간의 부주의,강릉소방서,내곡119안전센터,,848,11,9,0.0,158,3740,21,0,0,0.1
2016-03-04 17:19:00,2016,3,4,0,15~18,철원군,갈말읍,산중턱,맑음,18,26,,자연적 요인,철원소방서,태봉119안전센터,,5840,22,18,0.0,53,10106,6,0,0,0.1
2016-03-06 15:28:00,2016,3,6,1,15~18,정선군,남면,산아래,구름조금,13,24,,인간의 부주의,정선소방서,사북119안전센터,남면119지역대,1011,15,15,6.0,113,5737,13,0,0,0.1
2016-03-16 11:25:00,2016,3,16,0,9~12,영월군,북면,산중턱,맑음,10,26,,인간의 부주의,영월소방서,영월119안전센터,북면119지역대,1243,4,4,11.0,92,5623,12,0,0,0.02
2016-03-17 12:15:00,2016,3,17,0,9~12,강릉시,성산면,산아래,맑음,18,21,건조주의보,인간의 부주의,강릉소방서,내곡119안전센터,,845,8,6,0.0,260,3010,37,0,0,0.6
2016-03-27 11:35:00,2016,3,27,1,9~12,화천군,사내면,산아래,맑음,12,16,,인간의 부주의,춘천소방서,사내119안전센터,,1955,56,11,0.0,55,2912,6,0,0,0.3
2016-03-28 12:55:00,2016,3,28,0,9~12,철원군,김화읍,산중턱,맑음,16,23,,인간의 부주의,철원소방서,김화119안전센터,,905,8,8,0.0,299,53200,15,0,0,2.0
2016-03-28 18:21:00,2016,3,28,0,18~21,원주시,신림면,평지,맑음,13,0,,인간의 부주의,원주소방서,신림119안전센터,,751,22,4,0.0,68,2123,8,1,0,0.03
2016-03-31 12:43:00,2016,3,31,0,9~12,화천군,사내면,산아래,구름조금,17,12,,인간의 부주의,춘천소방서,사내119안전센터,,1300,46,6,0.0,442,21500,7,0,0,1.5
2016-04-01 11:14:00,2016,4,1,0,9~12,평창군,진부면,산아래,맑음,18,23,,인간의 부주의,평창소방서,진부119안전센터,,920,30,2,0.0,72,13125,6,0,44,0.2
2016-04-01 12:43:00,2016,4,1,0,9~12,양구군,남면,산정상,맑음,24,18,,미상,춘천소방서,양구119안전센터,남면119지역대,832,50,6,2.0,953,81923,18,0,0,6.0
2016-04-01 16:39:00,2016,4,1,0,15~18,횡성군,횡성읍,산아래,맑음,18,45,,인간의 부주의,횡성소방서,횡성119안전센터,,952,5,5,0.0,93,4218,7,0,1518,0.5
2016-04-02 14:00:00,2016,4,2,1,12~15,홍천군,서면,평지,맑음,23,20,,인간의 부주의,홍천소방서,양덕원119안전센터,서면119지역대,847,33,39,7.0,148,13549,17,0,13730,1.0
2016-04-02 15:24:00,2016,4,2,1,15~18,영월군,김삿갓면,산아래,맑음,24,15,,기계/전기/화학 요인,영월소방서,중동119안전센터,김삿갓119지역대,1025,12,12,7.0,193,12400,17,0,4400,0.5
2016-04-02 18:57:00,2016,4,2,1,18~21,평창군,방림면,산아래,구름조금,19,21,,인간의 부주의,평창소방서,평창119안전센터,방림119지역대,951,21,21,4.0,335,40324,14,0,0,2.0
2016-04-04 17:50:00,2016,4,4,0,15~18,화천군,하남면,산중턱,맑음,16,50,,인간의 부주의,춘천소방서,화천119안전센터,,1850,33,8,0.0,46,5100,9,0,220,0.01
2016-04-06 15:14:00,2016,4,6,0,15~18,원주시,부론면,산아래,맑음,18,20,,인간의 부주의,원주소방서,문막119안전센터,지정119지역대,1541,38,21,7.0,95,5706,6,0,0,0.05
2016-04-09 15:32:00,2016,4,9,1,15~18,고성군,죽왕면,산중턱,맑음,24,30,,인간의 부주의,고성소방서,동광119안전센터,,835,8,9,0.0,117,4337,22,0,0,0.08
2016-04-16 15:11:00,2016,4,16,1,15~18,삼척시,미로면,산중턱,구름조금,15,35,,인간의 부주의,삼척소방서,봉황119안전센터,,1345,15,15,8.0,248,11010,17,0,0,0.04
2016-04-24 09:53:00,2016,4,24,1,6~9,삼척시,원덕읍,산중턱,구름조금,15,40,,인간의 부주의,삼척소방서,원덕119안전센터,임원119지역대,1436,45,15,11.0,193,15500,15,0,0,0.05
2016-04-30 19:02:00,2016,4,30,1,18~21,강릉시,연곡면,산아래,맑음,22,39,강풍주의보,인간의 부주의,강릉소방서,주문진119안전센터,,1609,27,15,0.0,298,5523,20,0,0,0.03
2016-05-07 16:47:00,2016,5,7,1,15~18,삼척시,하장면,산중턱,맑음,20,30,,인간의 부주의,삼척소방서,도계119안전센터,,338,37,20,2.0,175,15201,4,0,2310,0.03
2016-05-12 17:24:00,2016,5,12,0,15~18,삼척시,근덕면,산정상,맑음,19,40,,인간의 부주의,삼척소방서,근덕119안전센터,,1952,25,15,0.0,207,4200,9,0,544,0.1
2016-05-14 12:39:00,2016,5,14,1,9~12,정선군,신동읍,평지,맑음,26,9,,인간의 부주의,정선소방서,신동119안전센터,,2945,29,11,24.0,71,10944,102,0,0,0.3
2016-05-14 15:20:00,2016,5,14,1,15~18,정선군,남면,산정상,맑음,27,14,,미상,정선소방서,사북119안전센터,남면119지역대,1946,34,14,13.0,107,14111,106,0,0,2.0
2016-05-15 13:11:00,2016,5,15,1,12~15,정선군,신동읍,산중턱,맑음,23,50,,인간의 부주의,정선소방서,신동119안전센터,,2729,33,9,19.0,109,21044,16,0,0,0.1
2016-05-18 13:03:00,2016,5,18,0,12~15,양양군,강현면,산아래,맑음,27,28,,인간의 부주의,양양소방서,양양119안전센터,,2614,8,8,0.0,132,20800,19,0,0,0.05
2016-05-20 15:07:00,2016,5,20,0,15~18,원주시,소초면,산아래,맑음,29,20,,인간의 부주의,원주소방서,태장119안전센터,소초119지역대,2353,12,9,7.0,32,2058,9,0,0,0.08
2016-05-30 13:48:00,2016,5,30,0,12~15,평창군,진부면,산중턱,맑음,27,33,,인간의 부주의,평창소방서,진부119안전센터,,1350,48,5,0.0,80,11403,12,0,2333,1.0
2016-06-03 11:25:00,2016,6,3,0,9~12,인제군,남면,산중턱,맑음,26,27,,인간의 부주의,인제소방서,인제119안전센터,남면119지역대,906,19,19,6.0,138,10624,11,0,0,0.1
2016-06-06 12:34:00,2016,6,6,0,9~12,강릉시,연곡면,산아래,맑음,21,67,,인간의 부주의,강릉소방서,주문진119안전센터,,3402,25,10,0.0,89,5642,15,0,0,0.1
2016-06-06 14:11:00,2016,6,6,0,12~15,인제군,남면,산중턱,구름많음,27,32,,인간의 부주의,인제소방서,인제119안전센터,남면119지역대,2655,10,10,4.0,51,22734,7,0,0,0.01
2016-06-10 12:53:00,2016,6,10,0,9~12,홍천군,내촌면,산아래,맑음,32,12,,인간의 부주의,홍천소방서,서석119안전센터,내촌119지역대,619,30,24,3.0,72,10509,9,0,0,0.1
2016-06-10 13:07:00,2016,6,10,0,12~15,정선군,신동읍,평지,맑음,30,29,,인간의 부주의,정선소방서,신동119안전센터,,2853,32,14,25.0,38,4327,6,0,0,0.2
2016-06-17 13:02:00,2016,6,17,0,12~15,춘천시,서면,산중턱,맑음,28,49,,인간의 부주의,춘천소방서,강촌119안전센터,,1059,16,10,0.0,59,4336,15,0,0,0.01
2016-06-20 15:27:00,2016,6,20,0,15~18,원주시,흥업면,산정상,맑음,29,36,,인간의 부주의,원주소방서,혁신119안전센터,명륜119지역대,712,10,10,0.0,58,12213,4,0,0,0.05
2016-06-29 15:14:00,2016,6,29,0,15~18,횡성군,서원면,산중턱,맑음,30,52,,인간의 부주의,횡성소방서,횡성119안전센터,,932,36,9,0.0,55,3357,7,0,4332,0.3
2016-08-18 15:55:00,2016,8,18,0,15~18,횡성군,서원면,산중턱,맑음,24,25,,인간의 부주의,횡성소방서,횡성119안전센터,서원119지역대,5003,24,24,12.0,76,20428,14,0,136,0.04
2016-09-20 14:02:00,2016,9,20,0,12~15,춘천시,사북면,산중턱,구름조금,23,35,,인간의 부주의,춘천소방서,신북119안전센터,,2400,25,18,0.0,52,20143,4,0,0,0.01
2016-11-14 12:33:00,2016,11,14,0,9~12,삼척시,하장면,평지,맑음,18,10,,인간의 부주의,삼척소방서,도계119안전센터,하장119지역대,114,34,25,0.0,110,1400,14,0,990,0.01
2016-11-21 04:26:00,2016,11,21,0,3~6,강릉시,구정면,산아래,맑음,7,60,,방화 및 방화의심,강릉소방서,내곡119안전센터,,1225,10,7,0.0,46,2214,13,0,0,0.01
2016-11-25 17:35:00,2016,11,25,0,15~18,횡성군,횡성읍,산중턱,맑음,4,25,,인간의 부주의,횡성소방서,횡성119안전센터,,1159,4,4,0.0,97,14144,8,0,275,0.03
2017-01-11 14:22:00,2017,1,11,0,12~15,춘천시,서면,평지,맑음,1,23,,인간의 부주의,춘천소방서,신북119안전센터,,1015,11,9,0.0,64,3101,9,0,0,0.05
2017-01-12 16:19:00,2017,1,12,0,15~18,강릉시,사천면,산아래,맑음,4,19,건조경보,인간의 부주의,강릉소방서,경포119안전센터,,513,12,10,0.0,129,1911,13,0,0,0.03
2017-01-14 21:44:00,2017,1,14,1,21~24,양양군,현북면,산정상,구름조금,-4,37,건조경보,인간의 부주의,양양소방서,하조대119안전센터,,741,14,5,0.0,133,80217,6,0,0,0.04
2017-01-16 13:39:00,2017,1,16,0,12~15,양양군,서면,산아래,맑음,5,37,건조경보,인간의 부주의,양양소방서,양양119안전센터,,1502,19,34,0.0,121,703,5,0,0,0.02
2017-02-21 11:54:00,2017,2,21,0,9~12,강릉시,강동면,산중턱,맑음,5,35,,인간의 부주의,강릉소방서,옥계119안전센터,정동119지역대,1046,12,12,8.0,115,4823,17,0,0,0.03
2017-02-22 09:08:00,2017,2,22,0,6~9,강릉시,강동면,산중턱,흐림,4,42,,인간의 부주의,강릉소방서,옥계119안전센터,,1329,11,19,8.0,105,3332,13,0,0,0.01
2017-03-03 20:47:00,2017,3,3,0,18~21,홍천군,서면,산중턱,맑음,1,84,,인간의 부주의,홍천소방서,양덕원119안전센터,서면119지역대,2124,34,40,8.0,117,30119,12,0,0,0.01
2017-03-09 10:28:00,2017,3,9,0,9~12,강릉시,옥계면,산정상,맑음,7,24,건조주의보,인간의 부주의,강릉소방서,옥계119안전센터,,642,30,4,0.0,2456,235419,73,0,165000,75.0
2017-03-10 11:35:00,2017,3,10,0,9~12,춘천시,동면,산중턱,맑음,8,28,,인간의 부주의,춘천소방서,후평119안전센터,,837,5,5,0.0,73,2607,13,0,3300,0.01
2017-03-11 14:37:00,2017,3,11,1,12~15,양구군,남면,산중턱,구름조금,13,17,,기계/전기/화학 요인,춘천소방서,양구119안전센터,남면119지역대,1326,50,14,7.0,171,33602,7,1,0,0.3
2017-03-11 16:23:00,2017,3,11,1,15~18,홍천군,서면,산중턱,구름조금,16,19,,인간의 부주의,홍천소방서,양덕원119안전센터,서면119지역대,701,33,39,7.0,70,13927,12,0,0,0.05
2017-03-12 17:44:00,2017,3,12,1,15~18,춘천시,서면,산아래,비,13,35,,인간의 부주의,춘천소방서,강촌119안전센터,,1412,26,13,0.0,236,5509,18,0,4400,0.3
2017-03-13 15:46:00,2017,3,13,0,15~18,영월군,김삿갓면,산아래,구름조금,13,0,,인간의 부주의,영월소방서,중동119안전센터,김삿갓119지역대,951,23,12,6.0,65,10948,5,0,0,0.3
2017-03-14 12:21:00,2017,3,14,0,9~12,춘천시,서면,평지,구름조금,1,75,건조주의보,인간의 부주의,춘천소방서,강촌119안전센터,,1031,23,10,0.0,154,5234,14,0,0,0.3
2017-03-14 15:04:00,2017,3,14,0,15~18,홍천군,서면,산아래,구름조금,11,36,,인간의 부주의,홍천소방서,양덕원119안전센터,서면119지역대,1108,43,29,11.0,157,12828,19,0,0,0.5
2017-03-15 11:01:00,2017,3,15,0,9~12,춘천시,동산면,산중턱,흐림,8,30,건조주의보,인간의 부주의,춘천소방서,소양119안전센터,,1231,17,11,0.0,82,3007,9,0,0,0.05
2017-03-17 13:42:00,2017,3,17,0,12~15,철원군,동송읍,산중턱,맑음,13,35,,인간의 부주의,철원소방서,동송119안전센터,,1354,13,15,0.0,34,1641,7,0,0,0.1
2017-03-19 10:37:00,2017,3,19,1,9~12,평창군,용평면,산아래,맑음,13,30,,미상,평창소방서,봉평119안전센터,용평119지역대,619,38,17,7.0,202,15538,12,0,0,0.3
2017-03-19 10:52:00,2017,3,19,1,9~12,화천군,하남면,산아래,맑음,13,34,건조주의보,인간의 부주의,춘천소방서,화천119안전센터,,1418,50,10,14.0,278,40000,16,0,0,1.5
2017-03-19 14:20:00,2017,3,19,1,12~15,영월군,영월읍,산중턱,맑음,18,10,,인간의 부주의,영월소방서,영월119안전센터,,1242,6,6,0.0,132,13733,13,0,0,0.2
2017-03-19 18:14:00,2017,3,19,1,18~21,춘천시,석사동,산아래,맑음,8,44,,인간의 부주의,춘천소방서,대룡119안전센터,,1146,7,6,0.0,114,2549,6,0,0,0.05
2017-03-22 16:38:00,2017,3,22,0,15~18,인제군,인제읍,산아래,맑음,13,17,,인간의 부주의,인제소방서,인제119안전센터,,411,3,3,0.0,94,2637,21,0,0,0.01
2017-03-22 17:50:00,2017,3,22,0,15~18,화천군,사내면,산정상,맑음,11,30,,인간의 부주의,춘천소방서,사내119안전센터,,1402,43,9,0.0,136,13828,4,0,0,0.15
2017-03-23 13:33:00,2017,3,23,0,12~15,횡성군,갑천면,산아래,맑음,14,30,,인간의 부주의,횡성소방서,횡성119안전센터,갑천119지역대,451,20,20,3.0,158,10620,13,0,1870,0.5
2017-03-30 15:03:00,2017,3,30,0,15~18,홍천군,화촌면,평지,구름조금,18,20,,인간의 부주의,홍천소방서,홍천119안전센터,화촌119지역대,721,11,11,4.0,99,10158,13,1,3900,0.4
2017-03-30 15:10:00,2017,3,30,0,15~18,춘천시,서면,산아래,구름조금,18,23,,인간의 부주의,춘천소방서,강촌119안전센터,,1608,20,8,0.0,172,2023,6,0,0,0.01
2017-04-04 19:30:00,2017,4,4,0,18~21,철원군,갈말읍,산정상,맑음,12,18,,인간의 부주의,철원소방서,태봉119안전센터,,631,4,4,0.0,74,11437,6,0,0,0.1
2017-04-08 13:28:00,2017,4,8,1,12~15,영월군,무릉도원면,산아래,맑음,24,33,,인간의 부주의,영월소방서,주천119안전센터,,2911,48,23,0.0,176,5516,17,0,0,0.3
2017-04-10 11:21:00,2017,4,10,0,9~12,원주시,소초면,산아래,맑음,21,15,,인간의 부주의,원주소방서,태장119안전센터,소초119지역대,530,13,12,2.0,111,11024,26,0,660,0.2
2017-04-10 17:00:00,2017,4,10,0,15~18,철원군,서면,산중턱,맑음,20,11,,인간의 부주의,철원소방서,김화119안전센터,자등119지역대,1622,40,30,10.0,41,3101,10,0,0,0.01
2017-04-12 08:28:00,2017,4,12,0,6~9,철원군,동송읍,산아래,맑음,12,12,,인간의 부주의,철원소방서,동송119안전센터,,2009,18,9,0.0,56,11112,12,0,0,0.01
2017-04-13 11:12:00,2017,4,13,0,9~12,춘천시,서면,평지,맑음,14,23,건조주의보,인간의 부주의,춘천소방서,강촌119안전센터,,1523,17,12,0.0,101,11900,13,0,0,0.35
2017-04-13 15:32:00,2017,4,13,0,15~18,고성군,거진읍,산아래,맑음,15,42,,기계/전기/화학 요인,고성소방서,거진119안전센터,,656,11,4,0.0,62,1801,5,0,0,0.02
2017-04-20 11:30:00,2017,4,20,0,9~12,고성군,죽왕면,산중턱,맑음,15,51,,인간의 부주의,고성소방서,동광119안전센터,,1158,10,6,0.0,62,2430,5,0,0,0.01
2017-04-23 03:08:00,2017,4,23,1,0~3,횡성군,횡성읍,산아래,맑음,5,45,,인간의 부주의,횡성소방서,횡성119안전센터,,755,6,6,0.0,28,3256,10,0,223,0.06
2017-04-23 13:02:00,2017,4,23,1,12~15,영월군,중동면,산아래,맑음,21,22,,인간의 부주의,영월소방서,중동119안전센터,,2506,22,22,0.0,81,10114,4,0,0,0.2
2017-04-23 13:57:00,2017,4,23,1,12~15,양구군,양구읍,산아래,맑음,19,20,,미상,춘천소방서,양구119안전센터,,1043,51,9,0.0,89,11239,6,0,0,0.12
2017-04-24 13:55:00,2017,4,24,0,12~15,강릉시,연곡면,산아래,구름조금,21,37,건조주의보,인간의 부주의,강릉소방서,주문진119안전센터,,836,13,5,0.0,239,4441,20,0,1001,0.3
2017-04-28 14:15:00,2017,4,28,0,12~15,홍천군,내면,산정상,구름조금,17,32,,인간의 부주의,홍천소방서,서석119안전센터,내면119지역대,1353,77,43,16.0,103,13548,12,0,0,0.1
2017-04-29 05:18:00,2017,4,29,1,3~6,고성군,거진읍,산중턱,맑음,11,63,,인간의 부주의,고성소방서,거진119안전센터,,557,14,6,0.0,51,10808,4,0,0,0.1
2017-04-29 12:16:00,2017,4,29,1,9~12,춘천시,서면,산정상,맑음,24,25,,인간의 부주의,춘천소방서,신북119안전센터,,1811,13,12,0.0,42,4443,9,0,0,0.02
2017-04-29 16:00:00,2017,4,29,1,15~18,춘천시,동산면,산정상,맑음,23,12,,인간의 부주의,춘천소방서,대룡119안전센터,,1922,16,10,0.0,42,2200,9,0,0,0.01
2017-05-01 12:35:00,2017,5,1,0,9~12,인제군,남면,산중턱,맑음,24,14,,인간의 부주의,인제소방서,인제119안전센터,남면119지역대,1051,8,8,17.0,98,22316,20,0,0,0.5
2017-05-01 14:40:00,2017,5,1,0,12~15,고성군,간성읍,산중턱,맑음,19,65,,인간의 부주의,고성소방서,간성119안전센터,,558,10,4,0.0,89,5137,7,0,0,0.05
2017-05-02 12:20:00,2017,5,2,0,9~12,원주시,부론면,평지,맑음,26,36,,인간의 부주의,원주소방서,문막119안전센터,,1256,33,28,7.0,100,3804,9,0,11000,0.1
2017-05-02 13:07:00,2017,5,2,0,12~15,원주시,문막읍,평지,맑음,26,29,,인간의 부주의,원주소방서,문막119안전센터,,2003,31,10,0.0,89,4806,10,0,2200,0.05
2017-05-02 15:03:00,2017,5,2,0,15~18,고성군,거진읍,산아래,맑음,17,70,,자연적 요인,고성소방서,거진119안전센터,,909,13,5,6.0,164,1919,6,0,0,0.05
2017-05-03 11:14:00,2017,5,3,0,9~12,홍천군,북방면,산정상,맑음,26,24,,인간의 부주의,홍천소방서,홍천119안전센터,북방119지역대,1439,8,8,5.0,101,5721,14,0,0,0.3
2017-05-03 14:35:00,2017,5,3,0,12~15,영월군,상동읍,산중턱,맑음,26,29,,인간의 부주의,영월소방서,중동119안전센터,상동119지역대,1131,40,16,6.0,150,34858,18,0,79,0.5
2017-05-03 17:17:00,2017,5,3,0,15~18,영월군,영월읍,산중턱,맑음,28,17,,인간의 부주의,영월소방서,영월119안전센터,,1312,8,8,0.0,42,10453,8,0,0,0.01
2017-05-03 20:27:00,2017,5,3,0,18~21,영월군,상동읍,산중턱,맑음,17,37,,인간의 부주의,영월소방서,중동119안전센터,상동119지역대,1149,52,24,4.0,234,20300,16,0,75,0.1
2017-05-05 14:51:00,2017,5,5,0,12~15,정선군,남면,산중턱,맑음,20,55,건조경보,인간의 부주의,정선소방서,사북119안전센터,남면119지역대,1651,13,13,15.0,125,13249,16,0,0,0.1
2017-05-05 15:03:00,2017,5,5,0,15~18,강릉시,왕산면,산중턱,맑음,26,31,,인간의 부주의,강릉소방서,내곡119안전센터,,3029,28,26,0.0,138,1554,13,0,0,0.05
2017-05-06 11:42:00,2017,5,6,1,9~12,삼척시,도계읍,산중턱,맑음,21,24,건조주의보,인간의 부주의,삼척소방서,도계119안전센터,,1200,38,11,0.0,1140,232500,43,4,2126645,270.0
2017-05-06 13:59:00,2017,5,6,1,12~15,고성군,간성읍,산정상,맑음,23,14,,인간의 부주의,고성소방서,간성119안전센터,,700,1,8,0.0,40,3043,5,0,0,0.02
2017-05-06 14:26:00,2017,5,6,1,12~15,홍천군,내촌면,산중턱,구름많음,21,16,,미상,홍천소방서,서석119안전센터,내촌119지역대,206,29,21,2.0,78,10337,11,0,0,0.01
2017-05-06 15:27:00,2017,5,6,1,15~18,강릉시,성산면,산정상,맑음,22,12,,인간의 부주의,강릉소방서,내곡119안전센터,,2718,14,12,0.0,2840,133403,118,0,6693391,57.0
2017-05-07 19:14:00,2017,5,7,1,18~21,춘천시,북산면,산아래,맑음,21,22,,인간의 부주의,춘천소방서,신북119안전센터,,2622,30,26,0.0,178,13452,9,0,7700,0.1
2017-05-07 19:52:00,2017,5,7,1,18~21,춘천시,북산면,산아래,맑음,20,23,,인간의 부주의,춘천소방서,대룡119안전센터,,2245,63,68,0.0,93,12346,13,0,770,0.01
2017-05-08 15:05:00,2017,5,8,0,15~18,홍천군,홍천읍,산중턱,맑음,24,32,,인간의 부주의,홍천소방서,홍천119안전센터,,903,11,11,0.0,94,11342,14,0,0,0.05
2017-05-19 13:44:00,2017,5,19,0,12~15,강릉시,왕산면,산아래,맑음,25,35,건조주의보,인간의 부주의,강릉소방서,내곡119안전센터,,3229,31,29,0.0,123,316,17,0,0,0.06
2017-05-20 11:00:00,2017,5,20,1,9~12,양구군,동면,산중턱,맑음,28,33,,인간의 부주의,춘천소방서,양구119안전센터,동면119지역대,302,57,16,2.0,78,12945,7,0,0,0.1
2017-05-20 12:39:00,2017,5,20,1,9~12,정선군,임계면,산정상,맑음,28,30,,인간의 부주의,정선소방서,임계119안전센터,,2544,29,22,14.0,123,5511,19,0,0,0.04
2017-05-20 15:18:00,2017,5,20,1,15~18,화천군,사내면,산중턱,맑음,29,28,,인간의 부주의,춘천소방서,사내119안전센터,,1822,45,9,0.0,17,4945,1,0,0,0.06
2017-05-21 12:06:00,2017,5,21,1,9~12,인제군,상남면,산정상,맑음,25,30,,인간의 부주의,인제소방서,기린119안전센터,상남119지역대,3005,37,20,5.0,95,10522,10,0,0,0.1
2017-05-25 10:12:00,2017,5,25,0,9~12,춘천시,서면,산정상,맑음,29,38,,인간의 부주의,춘천소방서,신북119안전센터,,4212,22,21,0.0,73,15728,8,0,22,0.05
2017-05-26 11:37:00,2017,5,26,0,9~12,춘천시,서면,산아래,구름조금,20,32,,인간의 부주의,춘천소방서,강촌119안전센터,,1701,17,9,0.0,89,3827,10,0,2750,0.01
2017-05-27 11:02:00,2017,5,27,1,9~12,평창군,용평면,산아래,맑음,18,50,,인간의 부주의,평창소방서,봉평119안전센터,용평119지역대,1853,50,28,18.0,61,10057,8,0,0,0.01
2017-06-01 02:30:00,2017,6,1,0,0~3,원주시,문막읍,산아래,구름조금,20,20,,인간의 부주의,원주소방서,문막119안전센터,,859,24,3,0.0,66,22852,8,0,0,0.3
2017-06-02 14:49:00,2017,6,2,0,12~15,강릉시,옥계면,산중턱,구름조금,19,57,,인간의 부주의,강릉소방서,옥계119안전센터,,2717,30,9,0.0,146,4306,17,0,0,0.06
2017-06-04 10:55:00,2017,6,4,1,9~12,인제군,인제읍,산아래,맑음,22,27,,인간의 부주의,인제소방서,인제119안전센터,,2220,10,10,0.0,88,25310,10,0,0,0.3
2017-06-04 12:19:00,2017,6,4,1,9~12,철원군,근남면,산아래,맑음,24,19,,인간의 부주의,철원소방서,김화119안전센터,자등119지역대,1222,17,17,8.0,70,14326,11,0,492,0.01
2017-06-19 12:01:00,2017,6,19,0,9~12,강릉시,왕산면,산아래,구름조금,29,35,,인간의 부주의,강릉소방서,내곡119안전센터,,3005,46,44,0.0,73,1020,15,0,0,0.01
2017-06-19 21:00:00,2017,6,19,0,21~24,홍천군,서석면,산아래,구름조금,20,72,,인간의 부주의,홍천소방서,서석119안전센터,,741,36,7,0.0,108,15802,11,0,0,0.05
2017-06-21 14:35:00,2017,6,21,0,12~15,철원군,갈말읍,산정상,맑음,29,33,,인간의 부주의,철원소방서,태봉119안전센터,,654,3,3,0.0,68,13658,7,0,0,0.01
2017-06-23 14:50:00,2017,6,23,0,12~15,횡성군,갑천면,산정상,구름조금,32,34,,인간의 부주의,횡성소방서,횡성119안전센터,갑천119지역대,2635,25,25,21.0,57,11917,7,0,0,0.01
2017-11-16 13:03:00,2017,11,16,0,12~15,평창군,평창읍,산정상,맑음,5,18,,미상,평창소방서,평창119안전센터,,4908,17,17,0.0,91,3727,11,0,0,0.09
2017-11-16 15:04:00,2017,11,16,0,15~18,홍천군,내촌면,산중턱,맑음,6,32,,인간의 부주의,홍천소방서,서석119안전센터,내촌119지역대,1937,35,11,14.0,113,10533,16,0,3850,0.5
2017-11-19 13:36:00,2017,11,19,1,12~15,정선군,여량면,산아래,맑음,1,15,풍랑주의보,인간의 부주의,정선소방서,임계119안전센터,여량면119지역대,947,25,24,8.0,63,3814,15,0,0,0.05
2017-11-20 11:51:00,2017,11,20,0,9~12,영월군,남면,산아래,맑음,4,26,풍랑주의보,인간의 부주의,영월소방서,영월119안전센터,,1154,19,19,17.0,130,3507,12,0,0,0.3
2017-11-30 10:57:00,2017,11,30,0,9~12,홍천군,홍천읍,산아래,구름조금,1,26,,인간의 부주의,홍천소방서,홍천119안전센터,,1102,8,8,0.0,85,4722,13,1,0,0.05
2017-12-02 21:04:00,2017,12,2,1,21~24,원주시,부론면,산아래,맑음,2,56,,기계/전기/화학 요인,원주소방서,문막119안전센터,부론119지역대,1351,25,8,8.0,95,10539,11,0,302,0.2
2017-12-22 16:48:00,2017,12,22,0,15~18,양양군,서면,산아래,맑음,7,54,,미상,양양소방서,양양119안전센터,,1149,7,7,0.0,315,11648,16,0,247,0.3
2018-01-02 20:14:00,2018,1,2,0,18~21,원주시,소초면,산정상,구름많음,-5,43,,인간의 부주의,원주소방서,태장119안전센터,소초119지역대,356,15,12,3.0,74,11423,6,0,0,0.01
2018-01-14 19:53:00,2018,1,14,1,18~21,양양군,양양읍,미상,구름조금,6,53,,미상,양양소방서,양양119안전센터,,3806,10,10,0.0,1229,145435,17,0,280012,1.2
2018-02-01 13:49:00,2018,2,1,0,12~15,홍천군,서석면,산중턱,맑음,-1,40,,인간의 부주의,홍천소방서,서석119안전센터,,3855,39,5,0.0,100,5327,11,0,0,0.02
2018-02-09 06:12:00,2018,2,9,0,3~6,춘천시,동산면,산아래,맑음,-10,72,,인간의 부주의,춘천소방서,대룡119안전센터,,1936,26,21,0.0,69,5834,10,0,0,0.01
2018-02-11 21:23:00,2018,2,11,1,21~24,삼척시,도계읍,산아래,구름조금,-11,57,풍랑경보,미상,삼척소방서,도계119안전센터,,1239,38,6,0.0,0,152243,0,14,317680,50.0
2018-02-12 12:20:00,2018,2,12,0,9~12,횡성군,공근면,산아래,맑음,-3,37,풍랑주의보,인간의 부주의,횡성소방서,횡성119안전센터,,855,15,0,7.0,103,12904,10,0,0,0.1
2018-02-16 14:11:00,2018,2,16,0,12~15,평창군,평창읍,산정상,맑음,5,20,,인간의 부주의,평창소방서,평창119안전센터,,843,5,5,0.0,168,11443,15,0,0,0.5
2018-02-19 14:58:00,2018,2,19,0,12~15,원주시,부론면,산아래,맑음,6,28,건조주의보,기계/전기/화학 요인,원주소방서,문막119안전센터,부론119지역대,1147,28,7,7.0,133,3606,15,0,4207,0.5
2018-02-20 15:56:00,2018,2,20,0,15~18,정선군,신동읍,산아래,맑음,6,24,,인간의 부주의,정선소방서,신동119안전센터,,2546,47,17,28.0,159,5216,17,0,0,0.1
2018-03-14 14:33:00,2018,3,14,0,12~15,춘천시,온의동,산아래,맑음,20,42,,인간의 부주의,춘천소방서,효자119안전센터,,634,6,2,0.0,89,932,10,0,0,0.2
2018-03-25 19:48:00,2018,3,25,1,18~21,원주시,태장동,산아래,구름조금,8,62,,인간의 부주의,원주소방서,태장119안전센터,,524,7,2,4.0,147,12052,7,0,0,0.3
2018-03-28 06:14:00,2018,3,28,0,3~6,고성군,간성읍,평지,구름조금,18,35,,기계/전기/화학 요인,고성소방서,동광119안전센터,,1308,3,8,0.0,7174,103156,281,1,4815212,40.0
2018-04-01 13:03:00,2018,4,1,1,12~15,철원군,동송읍,산중턱,맑음,20,57,,인간의 부주의,철원소방서,동송119안전센터,,2610,18,13,0.0,57,10952,6,0,0,0.1
2018-04-09 14:36:00,2018,4,9,0,12~15,삼척시,원덕읍,산중턱,구름조금,13,45,,기계/전기/화학 요인,삼척소방서,원덕119안전센터,,3138,40,6,11.0,198,20453,30,0,19800,0.3
2018-04-13 12:51:00,2018,4,13,0,9~12,춘천시,동면,산아래,구름조금,18,17,,인간의 부주의,춘천소방서,후평119안전센터,,3402,37,15,0.0,104,13845,11,0,1,0.02
2018-04-20 13:38:00,2018,4,20,0,12~15,평창군,대관령면,산중턱,맑음,26,16,,인간의 부주의,평창소방서,대관령119안전센터,,2804,75,20,0.0,100,3411,25,0,0,0.08
2018-04-21 10:48:00,2018,4,21,1,9~12,화천군,간동면,산아래,맑음,22,28,,인간의 부주의,춘천소방서,화천119안전센터,간동119지역대,1324,30,10,8.0,55,3210,13,0,0,0.15
2018-04-21 11:36:00,2018,4,21,1,9~12,인제군,인제읍,산중턱,맑음,25,15,,인간의 부주의,인제소방서,인제119안전센터,,1456,9,9,0.0,471,223130,81,0,0,3.0
2018-04-21 16:35:00,2018,4,21,1,15~18,춘천시,서면,산정상,구름조금,27,12,,인간의 부주의,춘천소방서,강촌119안전센터,,1306,13,11,0.0,163,201530,28,0,0,0.5
2018-06-01 14:34:00,2018,6,1,0,12~15,춘천시,사북면,산정상,맑음,29,24,,인간의 부주의,춘천소방서,신북119안전센터,,2503,10,5,0.0,60,14504,8,0,1,0.01
2018-06-22 14:41:00,2018,6,22,0,12~15,양구군,남면,산정상,맑음,32,10,,인간의 부주의,춘천소방서,양구119안전센터,남면119지역대,2856,60,20,10.0,109,14306,12,0,0,0.05
2018-06-22 22:21:00,2018,6,22,0,21~24,인제군,남면,산정상,구름조금,21,61,,인간의 부주의,인제소방서,인제119안전센터,,4328,23,0,25.0,42,254,12,0,0,0.01
2018-06-23 14:19:00,2018,6,23,1,12~15,춘천시,북산면,산중턱,맑음,29,41,,인간의 부주의,춘천소방서,신북119안전센터,,3005,27,23,11.0,61,24112,11,0,64,0.01
2018-06-24 16:38:00,2018,6,24,1,15~18,홍천군,북방면,산정상,맑음,33,30,,인간의 부주의,홍천소방서,홍천119안전센터,북방119지역대,118,8,8,3.0,138,33029,17,0,0,1.0
2018-06-24 18:18:00,2018,6,24,1,18~21,홍천군,내촌면,산정상,맑음,31,35,,미상,홍천소방서,서석119안전센터,내촌119지역대,2316,26,29,8.0,79,10102,12,0,0,0.25
2018-07-29 13:48:00,2018,7,29,1,12~15,춘천시,남면,산중턱,맑음,34,45,,인간의 부주의,춘천소방서,강촌119안전센터,,3031,34,14,0.0,65,51925,13,0,64,0.01
2018-08-01 08:51:00,2018,8,1,0,6~9,춘천시,동면,산정상,맑음,35,66,,인간의 부주의,춘천소방서,후평119안전센터,,4342,36,15,0.0,94,61457,7,0,1,0.1
2018-08-03 10:28:00,2018,8,3,0,9~12,횡성군,우천면,산중턱,맑음,37,59,,인간의 부주의,횡성소방서,우천119안전센터,,2801,18,12,13.0,107,42355,20,0,0,0.3
2018-08-05 16:34:00,2018,8,5,1,15~18,홍천군,동면,산아래,맑음,35,48,,인간의 부주의,홍천소방서,홍천119안전센터,동면119지역대,1317,10,10,6.0,59,3708,10,0,0,0.03
2018-08-15 11:49:00,2018,8,15,0,9~12,횡성군,안흥면,산정상,맑음,32,79,,인간의 부주의,횡성소방서,우천119안전센터,,432,26,13,5.0,106,40729,14,0,0,0.25
2018-08-17 13:46:00,2018,8,17,0,12~15,춘천시,동면,산중턱,맑음,29,34,,인간의 부주의,춘천소방서,후평119안전센터,,1230,10,6,0.0,232,63115,22,1,64,0.5
2018-10-04 13:34:00,2018,10,4,0,12~15,인제군,남면,산정상,구름조금,22,51,,인간의 부주의,인제소방서,인제119안전센터,남면119지역대,2409,15,15,15.0,115,21058,12,0,0,0.01
2018-11-22 14:24:00,2018,11,22,0,12~15,철원군,서면,산중턱,맑음,4,0,풍랑주의보,인간의 부주의,철원소방서,김화119안전센터,,712,17,6,0.0,91,4412,9,0,0,0.1
2018-11-23 09:52:00,2018,11,23,0,6~9,삼척시,근덕면,평지,맑음,5,19,건조주의보,인간의 부주의,삼척소방서,근덕119안전센터,,1416,23,16,11.0,152,4354,15,0,0,0.1
2018-11-26 06:30:00,2018,11,26,0,3~6,삼척시,근덕면,산정상,맑음,3,70,,미상,삼척소방서,근덕119안전센터,,1836,22,12,10.0,70,2859,15,0,0,0.03
2019-01-22 11:58:00,2019,1,22,0,9~12,태백시,백산동,산중턱,구름조금,3,31,,인간의 부주의,태백소방서,철암119안전센터,,1344,13,9,0.0,146,51107,24,0,3162,0.1
2019-01-24 03:48:00,2019,1,24,0,0~3,인제군,서화면,산중턱,맑음,3,20,,미상,인제소방서,원통119안전센터,서화119지역대,2748,24,16,2.0,221,204205,23,0,9428,1.0
2019-01-26 02:09:00,2019,1,26,1,0~3,평창군,방림면,산아래,맑음,1,16,풍랑경보,인간의 부주의,평창소방서,대화119안전센터,방림119지역대,1146,21,21,6.0,90,11139,10,0,0,0.05
2019-01-27 02:55:00,2019,1,27,1,0~3,원주시,신림면,산아래,맑음,-13,20,풍랑주의보,미상,원주소방서,신림119안전센터,,601,22,5,0.0,79,3707,14,0,0,0.1
2019-01-27 06:56:00,2019,1,27,1,3~6,원주시,신림면,산아래,맑음,-2,65,,미상,원주소방서,신림119안전센터,,637,21,3,0.0,155,11728,15,0,0,0.2
2019-01-29 12:58:00,2019,1,29,0,9~12,횡성군,청일면,평지,구름조금,4,23,,인간의 부주의,횡성소방서,둔내119안전센터,,657,26,16,4.0,101,3919,11,0,0,0.4
2019-01-30 05:18:00,2019,1,30,0,3~6,홍천군,화촌면,산아래,맑음,6,38,,인간의 부주의,홍천소방서,홍천119안전센터,화촌119지역대,738,7,7,7.0,100,2610,16,0,0,0.05
2019-02-27 11:33:00,2019,2,27,0,9~12,평창군,용평면,산아래,맑음,8,50,,인간의 부주의,평창소방서,봉평119안전센터,용평119지역대,1832,30,9,5.0,86,4323,11,0,0,0.1
2019-02-27 02:11:00,2019,2,27,0,0~3,춘천시,서면,산아래,구름조금,13,34,,인간의 부주의,춘천소방서,신북119안전센터,,1626,15,10,0.0,87,12355,14,0,0,1.0
2019-03-04 12:44:00,2019,3,4,0,9~12,홍천군,동면,산아래,맑음,15,24,,인간의 부주의,홍천소방서,홍천119안전센터,동면119지역대,2527,19,19,16.0,196,13016,19,0,432,0.6
2019-03-04 01:34:00,2019,3,4,0,0~3,횡성군,우천면,산아래,맑음,16,28,,인간의 부주의,횡성소방서,우천119안전센터,,928,8,7,16.0,95,4523,11,0,0,0.1
2019-03-08 05:11:00,2019,3,8,0,3~6,홍천군,서석면,산아래,맑음,11,28,,인간의 부주의,홍천소방서,서석119안전센터,,913,39,6,26.0,84,3150,11,0,309,0.02
2019-03-09 07:45:00,2019,3,9,1,6~9,강릉시,성산면,산아래,맑음,8,15,,인간의 부주의,강릉소방서,유천119안전센터,,930,9,10,0.0,46,2109,10,0,127,0.1
2019-03-13 10:47:00,2019,3,13,0,9~12,강릉시,연곡면,산중턱,구름조금,6,28,풍랑경보,인간의 부주의,강릉소방서,주문진119안전센터,,2939,30,18,0.0,116,2732,23,0,0,0.01
2019-04-01 06:41:00,2019,4,1,0,3~6,홍천군,서면,산아래,맑음,7,36,,인간의 부주의,홍천소방서,양덕원119안전센터,서면119지역대,1744,52,36,16.0,83,4253,11,0,0,0.02
2019-04-03 02:22:00,2019,4,3,0,0~3,횡성군,갑천면,평지,맑음,12,24,,인간의 부주의,횡성소방서,횡성119안전센터,,701,17,17,5.0,146,13108,16,0,0,0.7
2019-04-04 01:16:00,2019,4,4,0,0~3,횡성군,횡성읍,산아래,맑음,16,29,건조주의보,인간의 부주의,횡성소방서,횡성119안전센터,,1132,6,6,12.0,71,3029,11,0,0,0.05
2019-04-04 02:45:00,2019,4,4,0,0~3,인제군,남면,산아래,맑음,15,26,강풍주의보,인간의 부주의,인제소방서,인제119안전센터,남면119지역대,728,6,6,9.0,3559,210700,4659,0,116829,345.0
2019-04-04 11:46:00,2019,4,4,0,9~12,강릉시,옥계면,산중턱,맑음,15,17,강풍경보,미상,강릉소방서,옥계119안전센터,,814,32,5,0.0,6657,155144,440,2,74260991,1260.0
2019-04-07 10:37:00,2019,4,7,1,9~12,영월군,김삿갓면,산아래,맑음,16,44,건조주의보,인간의 부주의,영월소방서,중동119안전센터,김삿갓119지역대,1347,31,31,15.0,96,5157,20,0,11000,0.3
2019-04-08 02:49:00,2019,4,8,0,0~3,인제군,남면,산정상,맑음,11,11,,미상,인제소방서,인제119안전센터,남면119지역대,1647,20,20,17.0,157,15000,34,0,0,0.5
2019-04-16 04:14:00,2019,4,16,0,3~6,홍천군,서면,산아래,구름조금,22,11,,인간의 부주의,홍천소방서,양덕원119안전센터,서면119지역대,532,36,23,3.0,73,4201,9,0,0,0.08
2019-04-17 01:50:00,2019,4,17,0,0~3,영월군,영월읍,산아래,맑음,24,11,,인간의 부주의,영월소방서,영월119안전센터,,1723,12,12,0.0,128,3228,19,0,2508,0.2
2019-04-20 12:27:00,2019,4,20,1,9~12,춘천시,사북면,산중턱,맑음,18,48,,인간의 부주의,춘천소방서,신북119안전센터,,1846,20,17,0.0,68,3756,17,0,0,0.03
2019-05-02 02:21:00,2019,5,2,0,0~3,춘천시,남산면,산중턱,맑음,24,20,건조주의보,인간의 부주의,춘천소방서,강촌119안전센터,,1606,19,4,0.0,120,5539,15,0,0,0.2
2019-05-03 02:44:00,2019,5,3,0,0~3,춘천시,석사동,산아래,맑음,28,18,,인간의 부주의,춘천소방서,후평119안전센터,,831,4,4,0.0,78,2746,16,0,0,0.05
2019-05-05 03:20:00,2019,5,5,1,0~3,춘천시,석사동,산정상,구름조금,13,78,건조주의보,인간의 부주의,춘천소방서,대룡119안전센터,,457,7,6,0.0,78,11819,17,0,0,0.05
2019-05-06 02:08:00,2019,5,6,0,0~3,홍천군,화촌면,산정상,맑음,20,10,풍랑주의보,인간의 부주의,홍천소방서,홍천119안전센터,화촌119지역대,1829,15,15,5.0,70,15936,14,0,0,0.02
2019-05-06 05:46:00,2019,5,6,0,3~6,원주시,소초면,산아래,맑음,15,34,,인간의 부주의,원주소방서,태장119안전센터,,1151,9,8,9.0,56,11450,11,0,6600,0.1
2019-05-10 09:34:00,2019,5,10,0,6~9,고성군,죽왕면,미상,맑음,25,29,,미상,고성소방서,간성119안전센터,,1709,11,13,0.0,329,13107,13,0,0,0.54
2019-05-11 02:36:00,2019,5,11,1,0~3,정선군,신동읍,산중턱,맑음,23,21,건조경보,인간의 부주의,정선소방서,신동119안전센터,,2624,36,12,0.0,102,11308,68,0,0,0.1
2019-05-12 11:59:00,2019,5,12,1,9~12,정선군,신동읍,산정상,맑음,24,28,건조주의보,인간의 부주의,정선소방서,신동119안전센터,,3147,34,13,0.0,162,5724,139,0,0,0.1
2019-05-16 03:55:00,2019,5,16,0,0~3,평창군,대관령면,산중턱,맑음,23,46,,인간의 부주의,평창소방서,대관령119안전센터,,2420,56,7,0.0,56,11329,9,0,0,0.02
2019-05-19 02:17:00,2019,5,19,1,0~3,강릉시,강동면,산아래,맑음,22,63,,인간의 부주의,강릉소방서,옥계119안전센터,,943,13,11,0.0,46,2515,12,0,330,0.01
2019-05-23 12:30:00,2019,5,23,0,9~12,정선군,임계면,산정상,맑음,26,20,,인간의 부주의,정선소방서,임계119안전센터,,2017,34,15,0.0,123,5903,138,0,0,0.1
2019-05-24 12:59:00,2019,5,24,0,9~12,영월군,영월읍,산정상,맑음,31,28,,인간의 부주의,영월소방서,영월119안전센터,,758,6,6,0.0,50,13411,9,0,0,0.1
2019-06-04 02:14:00,2019,6,4,0,0~3,정선군,화암면,산중턱,맑음,29,21,,인간의 부주의,정선소방서,조양119안전센터,화암119지역대,414,19,19,1.0,171,20224,15,0,2307,0.2
2019-07-07 04:04:00,2019,7,7,1,3~6,횡성군,청일면,산아래,맑음,27,41,,미상,횡성소방서,둔내119안전센터,,2159,28,15,7.0,67,4951,9,0,132,0.07
2019-07-09 01:49:00,2019,7,9,0,0~3,원주시,귀래면,산중턱,맑음,19,62,,인간의 부주의,원주소방서,흥업119안전센터,귀래119지역대,2052,28,0,11.0,38,3957,6,0,0,0.01
2019-07-09 06:39:00,2019,7,9,0,3~6,영월군,남면,산아래,맑음,23,52,,인간의 부주의,영월소방서,영월119안전센터,남면119지역대,600,10,10,4.0,84,12107,12,0,1969,0.6
2019-12-04 11:29:00,2019,12,4,0,9~12,양구군,양구읍,산아래,맑음,6,24,,인간의 부주의,양구소방서,양구119안전센터,,1230,11,11,12.0,73,3451,10,0,0,0.1
2019-12-11 04:26:00,2019,12,11,0,3~6,인제군,인제읍,산중턱,맑음,7,45,,인간의 부주의,인제소방서,인제119안전센터,,809,6,6,0.0,411,30027,13,0,0,0.05
2019-12-11 07:18:00,2019,12,11,0,6~9,정선군,북평면,산중턱,맑음,5,45,강풍주의보,미상,정선소방서,조양119안전센터,북평119지역대,1650,19,19,12.0,214,150305,30,0,0,2.0
2019-12-31 02:56:00,2019,12,31,0,0~3,강릉시,죽헌동,산아래,맑음,-3,36,강풍주의보,인간의 부주의,강릉소방서,경포119안전센터,,1049,6,8,0.0,128,14803,22,0,0,0.1
2020-01-01 12:56:00,2020,1,1,0,9~12,강릉시,성산면,산아래,맑음,6,34,건조주의보,인간의 부주의,강릉소방서,유천119안전센터,,658,4,4,0.0,67,3001,19,1,990,0.02
2020-01-03 12:22:00,2020,1,3,0,9~12,춘천시,서면,산아래,맑음,1,51,,미상,춘천소방서,신북119안전센터,,1441,16,15,0.0,77,22712,0,0,0,0.7
2020-01-04 02:49:00,2020,1,4,1,0~3,정선군,신동읍,산아래,맑음,5,43,풍랑주의보,인간의 부주의,정선소방서,신동119안전센터,,2246,40,14,0.0,77,2721,12,0,0,0.04
2020-01-15 01:46:00,2020,1,15,0,0~3,양양군,양양읍,산아래,맑음,5,23,,기계/전기/화학 요인,양양소방서,양양119안전센터,,419,2,2,0.0,155,1851,25,0,0,0.02
2020-01-23 12:52:00,2020,1,23,0,9~12,횡성군,우천면,산아래,맑음,9,40,,인간의 부주의,횡성소방서,둔내119안전센터,,252,22,7,0.0,100,4318,10,0,99,0.1
2020-01-31 12:18:00,2020,1,31,0,9~12,홍천군,서석면,산중턱,맑음,8,41,,미상,홍천소방서,서석119안전센터,,3419,36,2,0.0,79,11237,7,0,0,0.01
2020-02-08 07:05:00,2020,2,8,1,6~9,춘천시,남산면,산아래,맑음,-4,72,풍랑주의보,인간의 부주의,춘천소방서,강촌119안전센터,,2419,33,29,0.0,72,3815,8,1,0,0.03
2020-02-09 06:41:00,2020,2,9,1,3~6,원주시,신림면,산중턱,맑음,-1,43,,인간의 부주의,원주소방서,신림119안전센터,,1418,30,13,0.0,108,32958,12,0,4194,0.4
2020-02-24 12:56:00,2020,2,24,0,9~12,춘천시,남산면,평지,맑음,10,45,,인간의 부주의,춘천소방서,강촌119안전센터,,604,28,22,0.0,108,41008,10,2,408,0.1
2020-03-08 01:50:00,2020,3,8,1,0~3,홍천군,화촌면,산정상,맑음,16,21,,미상,홍천소방서,홍천119안전센터,화촌119지역대,2924,25,25,15.0,113,22242,14,0,0,0.05
2020-03-19 07:03:00,2020,3,19,0,6~9,원주시,흥업면,산아래,맑음,14,44,강풍주의보,인간의 부주의,원주소방서,흥업119안전센터,,1249,18,10,0.0,58,11504,17,0,0,0.7
2020-03-19 12:38:00,2020,3,19,0,9~12,원주시,지정면,산중턱,구름많음,11,46,강풍경보,기계/전기/화학 요인,원주소방서,문막119안전센터,,1641,28,26,13.0,174,21950,24,0,0,2.2
2020-03-21 03:36:00,2020,3,21,1,0~3,횡성군,갑천면,산아래,맑음,18,32,,인간의 부주의,횡성소방서,횡성119안전센터,갑천119지역대,658,17,17,4.0,76,1936,12,0,660,0.05
2020-04-03 02:44:00,2020,4,3,0,0~3,홍천군,두촌면,산아래,맑음,18,43,,미상,홍천소방서,홍천119안전센터,,755,32,32,8.0,110,5047,16,0,0,0.1
2020-04-04 03:26:00,2020,4,4,1,0~3,삼척시,근덕면,산아래,맑음,13,35,강풍주의보,기계/전기/화학 요인,삼척소방서,근덕119안전센터,,1238,17,9,0.0,313,51938,51,0,9634,0.5
2020-04-04 05:50:00,2020,4,4,1,3~6,횡성군,우천면,산아래,맑음,2,81,풍랑주의보,인간의 부주의,횡성소방서,우천119안전센터,,1140,12,6,0.0,46,12436,12,0,0,0.08
2020-04-04 04:49:00,2020,4,4,1,3~6,춘천시,사북면,산아래,맑음,15,14,,인간의 부주의,춘천소방서,신북119안전센터,,1843,20,18,0.0,133,44232,20,0,0,0.3
2020-04-08 01:34:00,2020,4,8,0,0~3,원주시,소초면,산아래,맑음,10,23,건조경보,인간의 부주의,원주소방서,태장119안전센터,소초119지역대,1032,8,9,9.0,96,12614,19,0,0,1.5
2020-04-10 11:47:00,2020,4,10,0,9~12,원주시,신림면,산아래,맑음,11,38,,인간의 부주의,원주소방서,신림119안전센터,,1012,23,6,0.0,124,20927,23,0,710,0.5
2020-04-10 11:56:00,2020,4,10,0,9~12,평창군,진부면,산아래,맑음,7,30,,인간의 부주의,평창소방서,진부119안전센터,,1223,46,7,0.0,128,12722,23,0,0,0.3
2020-04-11 02:34:00,2020,4,11,1,0~3,횡성군,우천면,산정상,맑음,15,32,,인간의 부주의,횡성소방서,우천119안전센터,,622,15,3,0.0,51,4600,8,0,0,0.01
2020-04-14 04:00:00,2020,4,14,0,3~6,철원군,서면,산아래,맑음,21,0,,미상,철원소방서,김화119안전센터,,2048,14,15,5.0,395,193403,27,0,0,19.0
2020-04-15 02:50:00,2020,4,15,0,0~3,평창군,대화면,산아래,맑음,18,39,,미상,평창소방서,대화119안전센터,,2008,19,15,0.0,206,11931,17,0,0,0.2
2020-04-22 01:48:00,2020,4,22,0,0~3,강릉시,성산면,산아래,맑음,7,37,,기계/전기/화학 요인,강릉소방서,내곡119안전센터,,1734,16,15,0.0,196,4528,14,0,213,0.3
2020-04-22 02:21:00,2020,4,22,0,0~3,인제군,인제읍,산아래,흐림,6,37,,인간의 부주의,인제소방서,인제119안전센터,,1301,18,14,0.0,137,20412,15,0,0,0.2
2020-04-24 11:25:00,2020,4,24,0,9~12,철원군,갈말읍,산중턱,맑음,13,41,건조주의보,미상,철원소방서,태봉119안전센터,,4059,5,5,0.0,112,33143,14,0,7700,0.6
2020-04-24 01:07:00,2020,4,24,0,0~3,춘천시,남면,산아래,맑음,15,26,,미상,춘천소방서,강촌119안전센터,,4009,39,21,0.0,0,34931,0,0,0,1.0
2020-04-26 01:26:00,2020,4,26,1,0~3,춘천시,동면,산정상,맑음,18,24,,미상,춘천소방서,후평119안전센터,,1145,7,7,0.0,69,22014,13,0,0,0.01
2020-04-27 11:28:00,2020,4,27,0,9~12,횡성군,공근면,산정상,비,14,49,,인간의 부주의,횡성소방서,공근119안전센터,,917,9,5,0.0,64,10141,11,0,0,0.02
2020-04-30 02:27:00,2020,4,30,0,0~3,홍천군,서석면,산정상,맑음,23,33,건조주의보,미상,홍천소방서,서석119안전센터,,1703,25,9,0.0,133,21403,15,0,0,0.2
2020-04-30 06:05:00,2020,4,30,0,3~6,원주시,지정면,산정상,맑음,24,43,,인간의 부주의,원주소방서,문막119안전센터,지정119지역대,2549,32,17,14.0,57,4951,15,0,247,0.01
2020-05-01 02:47:00,2020,5,1,0,0~3,춘천시,동면,산중턱,맑음,27,45,,인간의 부주의,춘천소방서,후평119안전센터,,2955,18,18,0.0,77,13935,6,0,0,0.2
2020-05-01 03:21:00,2020,5,1,0,0~3,홍천군,동면,산정상,맑음,28,37,,인간의 부주의,홍천소방서,홍천119안전센터,동면119지역대,1304,14,14,11.0,112,50423,13,0,0,0.01
2020-05-06 11:26:00,2020,5,6,0,9~12,철원군,철원읍,산아래,맑음,21,42,,인간의 부주의,철원소방서,동송119안전센터,,1103,18,10,0.0,71,14122,21,0,0,0.06
2020-05-08 02:50:00,2020,5,8,0,0~3,홍천군,홍천읍,산아래,맑음,27,11,,인간의 부주의,홍천소방서,홍천119안전센터,,937,9,9,0.0,22,3017,6,0,0,0.03
2020-06-08 03:15:00,2020,6,8,0,0~3,춘천시,동면,산정상,맑음,32,45,,미상,춘천소방서,후평119안전센터,,4023,59,59,15.0,49,21904,10,0,0,0.1
2020-06-23 10:01:00,2020,6,23,0,9~12,홍천군,동면,산정상,맑음,28,59,,미상,홍천소방서,홍천119안전센터,,711,10,10,5.0,133,10836,15,0,0,0.15
2020-10-06 01:48:00,2020,10,6,0,0~3,춘천시,사북면,산정상,맑음,18,41,,인간의 부주의,춘천소방서,신북119안전센터,,2732,30,21,0.0,61,12001,18,0,0,0.01
2020-10-09 04:50:00,2020,10,9,0,3~6,홍천군,서석면,산중턱,맑음,18,56,풍랑주의보,인간의 부주의,홍천소방서,서석119안전센터,,449,33,3,0.0,51,70306,7,0,0,0.05
2020-10-11 07:11:00,2020,10,11,1,6~9,홍천군,화촌면,산중턱,맑음,8,94,,미상,홍천소방서,홍천119안전센터,,1124,16,16,7.0,45,51238,11,0,0,0.01
2020-10-13 02:38:00,2020,10,13,0,0~3,홍천군,화촌면,산중턱,맑음,18,51,,미상,홍천소방서,홍천119안전센터,,1352,17,17,8.0,86,20424,12,0,0,0.01
2020-10-18 01:36:00,2020,10,18,1,0~3,홍천군,화촌면,산정상,맑음,18,42,,미상,홍천소방서,홍천119안전센터,,1828,16,16,0.0,38,31356,7,0,0,0.01
2020-11-04 12:45:00,2020,11,4,0,9~12,철원군,동송읍,산중턱,맑음,6,23,,인간의 부주의,철원소방서,동송119안전센터,,537,13,2,0.0,105,5458,9,0,0,0.01
2020-11-08 02:27:00,2020,11,8,1,0~3,동해시,신흥동,산아래,맑음,9,41,건조주의보,인간의 부주의,동해소방서,북삼119안전센터,삼화119지역대,1955,14,10,6.0,123,15307,59,0,605,0.11
2020-11-16 12:38:00,2020,11,16,0,9~12,홍천군,홍천읍,산정상,맑음,13,59,,인간의 부주의,홍천소방서,홍천119안전센터,,748,8,8,0.0,0,110345,0,0,0,0.1
2020-12-01 09:59:00,2020,12,1,0,6~9,횡성군,우천면,산아래,맑음,-1,50,,기계/전기/화학 요인,횡성소방서,우천119안전센터,,1653,17,8,0.0,104,12942,10,0,145,0.1
2020-12-08 08:37:00,2020,12,8,0,6~9,홍천군,동면,산아래,맑음,-3,50,,인간의 부주의,홍천소방서,홍천119안전센터,동면119지역대,303,6,6,3.0,84,15920,12,0,0,0.02
2020-12-12 11:43:00,2020,12,12,1,9~12,원주시,신림면,산중턱,맑음,3,42,,인간의 부주의,원주소방서,신림119안전센터,,2226,24,11,0.0,53,10302,13,0,0,0.5
2020-12-12 03:16:00,2020,12,12,1,0~3,원주시,신림면,산중턱,맑음,5,30,,인간의 부주의,원주소방서,신림119안전센터,,435,27,11,0.0,61,34514,11,0,0,0.05
2020-12-25 02:22:00,2020,12,25,0,0~3,영월군,영월읍,산중턱,맑음,-5,47,,인간의 부주의,영월소방서,영월119안전센터,,511,3,3,0.0,118,54728,13,0,0,0.3
2021-01-12 11:44:00,2021,1,12,0,9~12,홍천군,동면,산정상,맑음,-8,59,,인간의 부주의,홍천소방서,홍천119안전센터,동면119지역대,3553,28,28,24.0,48,24740,3,0,0,0.15
2021-01-17 15:36:49,2021,1,17,1,15~18,동해시,부곡동,산중턱,맑음,0,17,,인간의 부주의,동해소방서,천곡119안전센터,,1017,8,8,0.0,275,21235,24,0,0,1.0
2021-01-24 17:47:56,2021,1,24,1,15~18,홍천군,홍천읍,산아래,맑음,7,62,,기계/전기/화학 요인,홍천소방서,홍천119안전센터,,1015,9,9,0.0,17,32655,3,0,0,0.7
2021-02-10 14:12:57,2021,2,10,0,12~15,홍천군,동면,산정상,맑음,6,70,,인간의 부주의,홍천소방서,홍천119안전센터,동면119지역대,1756,23,23,19.0,41,11835,3,0,264,0.01
2021-02-22 14:11:18,2021,2,22,0,12~15,화천군,간동면,산아래,맑음,13,39,건조주의보,미상,화천소방서,화천119안전센터,,658,21,21,5.0,81,4716,14,0,0,0.1
2021-02-26 13:33:51,2021,2,26,0,12~15,홍천군,북방면,산정상,맑음,10,35,,미상,홍천소방서,홍천119안전센터,북방119지역대,2807,20,0,15.0,106,35402,10,0,0,0.1
2021-03-23 15:52:14,2021,3,23,0,15~18,홍천군,화촌면,산중턱,맑음,16,25,,인간의 부주의,홍천소방서,홍천119안전센터,화촌119지역대,136,13,13,0.0,310,84243,33,0,9900,20.0
2021-03-31 15:35:10,2021,3,31,0,15~18,정선군,신동읍,산아래,맑음,21,8,건조주의보,인간의 부주의,정선소방서,신동119안전센터,,2000,32,15,0.0,302,205045,186,0,67716,10.7
2021-03-31 16:56:48,2021,3,31,0,15~18,양구군,양구읍,미상,맑음,20,13,,미상,양구소방서,양구119안전센터,동면119지역대,1602,12,12,10.0,98,174355,15,0,0,0.5
2021-04-17 09:33:00,2021,4,17,1,6~9,홍천군,동면,산아래,맑음,9,62,,인간의 부주의,홍천소방서,홍천119안전센터,동면119지역대,1124,10,10,6.0,54,2859,12,0,0,0.01
2021-04-17 12:04:00,2021,4,17,1,9~12,평창군,진부면,산정상,맑음,14,29,,미상,평창소방서,진부119안전센터,,2145,42,16,0.0,53,10448,7,0,0,0.01
2021-04-19 16:45:54,2021,4,19,0,15~18,횡성군,공근면,산중턱,맑음,19,30,,인간의 부주의,횡성소방서,공근119안전센터,,2535,11,6,0.0,151,31727,17,0,0,1.5
2021-04-20 15:22:05,2021,4,20,0,15~18,홍천군,남면,산아래,맑음,25,22,,인간의 부주의,홍천소방서,양덕원119안전센터,,2416,17,12,0.0,64,10442,21,1,0,0.3
2021-04-21 12:20:00,2021,4,21,0,9~12,평창군,대관령면,산중턱,맑음,24,29,,인간의 부주의,평창소방서,대관령119안전센터,,1012,56,7,0.0,177,21838,22,0,3850,1.0
2021-04-22 13:27:07,2021,4,22,0,12~15,철원군,동송읍,산중턱,맑음,25,31,,인간의 부주의,철원소방서,동송119안전센터,,858,13,7,0.0,52,3855,16,0,2959,0.02
2021-04-25 12:22:00,2021,4,25,1,9~12,평창군,봉평면,산아래,맑음,13,41,,인간의 부주의,평창소방서,봉평119안전센터,,1752,42,9,0.0,53,22638,7,0,0,0.09
2021-04-25 14:32:01,2021,4,25,1,12~15,원주시,신림면,산중턱,맑음,20,31,,인간의 부주의,원주소방서,신림119안전센터,,3809,24,7,0.0,126,22859,30,0,0,1.5
2021-05-06 17:30:53,2021,5,6,0,15~18,인제군,서화면,산아래,맑음,18,36,,인간의 부주의,인제소방서,원통119안전센터,서화119지역대,1258,27,20,6.0,81,3832,15,0,0,0.1
2021-05-06 21:06:40,2021,5,6,0,21~24,삼척시,원덕읍,산아래,맑음,15,54,,미상,삼척소방서,원덕119안전센터,임원119지역대,1330,26,22,7.0,110,11649,22,0,0,0.01
2021-05-07 11:05:00,2021,5,7,0,9~12,삼척시,도계읍,산중턱,맑음,17,46,풍랑주의보,인간의 부주의,삼척소방서,도계119안전센터,,1206,39,8,0.0,248,20940,31,0,101,0.2
2021-05-08 12:12:00,2021,5,8,1,9~12,횡성군,안흥면,산정상,맑음,15,59,풍랑주의보,인간의 부주의,횡성소방서,우천119안전센터,안흥지역대,1615,38,25,15.0,95,12506,15,0,0,0.01
2021-05-09 13:16:11,2021,5,9,1,12~15,홍천군,남면,산아래,맑음,21,24,,인간의 부주의,홍천소방서,양덕원119안전센터,,905,21,7,0.0,81,2715,14,0,0,0.2
2021-05-09 13:43:01,2021,5,9,1,12~15,철원군,철원읍,산중턱,맑음,19,26,,인간의 부주의,철원소방서,동송119안전센터,,801,16,7,0.0,60,2915,12,0,0,0.03
2021-05-09 17:44:49,2021,5,9,1,15~18,철원군,철원읍,산정상,맑음,18,22,,인간의 부주의,철원소방서,동송119안전센터,,347,12,1,0.0,67,4529,13,0,0,0.01
2021-05-13 15:37:05,2021,5,13,0,15~18,태백시,하사미동,산중턱,맑음,23,43,,기계/전기/화학 요인,태백소방서,화전119안전센터,,2121,20,17,0.0,144,43459,18,0,0,1.2
2021-06-07 15:11:39,2021,6,7,0,15~18,강릉시,주문진읍,산중턱,맑음,25,62,,인간의 부주의,강릉소방서,주문진119안전센터,,1344,21,6,0.0,50,12539,11,0,223,0.01
2021-06-08 14:52:46,2021,6,8,0,12~15,홍천군,내촌면,산정상,맑음,18,78,,자연적 요인,홍천소방서,서석119안전센터,내촌119지역대,935,26,0,5.0,48,12515,6,0,0,0.04
